[
{"code":"A00","name":"Burgwallen-Oude Zijde"},
{"code":"A01","name":"Burgwallen-Nieuwe Zijde"},
{"code":"A02","name":"Grachtengordel-West"},
{"code":"A03","name":"Grachtengordel-Zuid"},
{"code":"A04","name":"Nieuwmarkt/Lastage"},
{"code":"A05","name":"Haarlemmerbuurt"},
{"code":"A06","name":"Jordaan"},
{"code":"A07","name":"De Weteringschans"},
{"code":"A08","name":"Weesperbuurt/Plantage"},
{"code":"A09","name":"Oostelijke Eilanden/Kadijken"},
{"code":"B10","name":"Westelijk Havengebied"},
{"code":"E12","name":"Houthavens"},
{"code":"E13","name":"Spaarndammer- en Zeeheldenbuurt"},
{"code":"E14","name":"Staatsliedenbuurt"},
{"code":"E15","name":"Centrale Markt"},
{"code":"E16","name":"Frederik Hendrikbuurt"},
{"code":"E17","name":"Da Costabuurt"},
{"code":"E18","name":"Kinkerbuurt"},
{"code":"E19","name":"Van Lennepbuurt"},
{"code":"E20","name":"Helmersbuurt"},
{"code":"E21","name":"Overtoomse Sluis"},
{"code":"E22","name":"Vondelbuurt"},
{"code":"E36","name":"Sloterdijk"},
{"code":"E37","name":"Landlust"},
{"code":"E38","name":"Erasmuspark"},
{"code":"E39","name":"De Kolenkit"},
{"code":"E40","name":"Geuzenbuurt"},
{"code":"E41","name":"Van Galenbuurt"},
{"code":"E42","name":"Hoofdweg e,o,"},
{"code":"E43","name":"Westindische Buurt"},
{"code":"E75","name":"Chassébuurt"},
{"code":"F11","name":"Bedrijventerrein Sloterdijk"},
{"code":"F76","name":"Slotermeer-Noordoost"},
{"code":"F77","name":"Slotermeer-Zuidwest"},
{"code":"F78","name":"Geuzenveld"},
{"code":"F79","name":"Eendracht"},
{"code":"F80","name":"Lutkemeer/Ookmeer"},
{"code":"F81","name":"Osdorp-Oost"},
{"code":"F82","name":"Osdorp-Midden"},
{"code":"F83","name":"De Punt"},
{"code":"F84","name":"Middelveldsche Akerpolder"},
{"code":"F85","name":"Slotervaart-Noord"},
{"code":"F86","name":"Overtoomse Veld"},
{"code":"F87","name":"Westlandgracht"},
{"code":"F88","name":"Sloter-/Riekerpolder"},
{"code":"F89","name":"Slotervaart-Zuid"},
{"code":"K23","name":"Zuidas"},
{"code":"K24","name":"Oude Pijp"},
{"code":"K25","name":"Nieuwe Pijp"},
{"code":"K26","name":"Zuid-Pijp"},
{"code":"K44","name":"Hoofddorppleinbuurt"},
{"code":"K45","name":"Schinkelbuurt"},
{"code":"K46","name":"Willemspark"},
{"code":"K47","name":"Museumkwartier"},
{"code":"K48","name":"Stadionbuurt"},
{"code":"K49","name":"Apollobuurt"},
{"code":"K52","name":"Scheldebuurt"},
{"code":"K53","name":"IJselbuurt"},
{"code":"K54","name":"Rijnbuurt"},
{"code":"K59","name":"Prinses Irenebuurt e,o,"},
{"code":"K90","name":"Buitenveldert-West"},
{"code":"K91","name":"Buitenveldert-Oost"},
{"code":"M27","name":"Weesperzijde"},
{"code":"M28","name":"Oosterparkbuurt"},
{"code":"M29","name":"Dapperbuurt"},
{"code":"M30","name":"Transvaalbuurt"},
{"code":"M31","name":"Indische Buurt-West"},
{"code":"M32","name":"Indische Buurt-Oost"},
{"code":"M33","name":"Oostelijk Havengebied"},
{"code":"M34","name":"Zeeburgereiland/Nieuwe diep"},
{"code":"M35","name":"IJburg-West"},
{"code":"M50","name":"IJburg-Oost"},
{"code":"M51","name":"IJburg-Zuid"},
{"code":"M55","name":"Frankendael"},
{"code":"M56","name":"Middenmeer"},
{"code":"M57","name":"Betondorp"},
{"code":"M58","name":"Omval/Overamstel"},
{"code":"N60","name":"Volewijck"},
{"code":"N61","name":"IJplein/Vogelbuurt"},
{"code":"N62","name":"Tuindorp Nieuwendam"},
{"code":"N63","name":"Tuindorp Buiksloot"},
{"code":"N64","name":"Nieuwendammerdijk/Buiksloterdijk"},
{"code":"N65","name":"Tuindorp Oostzaan"},
{"code":"N66","name":"Oostzanerwerf"},
{"code":"N67","name":"Kadoelen"},
{"code":"N68","name":"Waterlandpleinbuurt"},
{"code":"N69","name":"Buikslotermeer"},
{"code":"N70","name":"Banne Buiksloot"},
{"code":"N71","name":"Noordelijke IJ-oevers-West"},
{"code":"N72","name":"Noordelijke IJ-oevers-Oost"},
{"code":"N73","name":"Waterland"},
{"code":"N74","name":"Elzenhagen"},
{"code":"T92","name":"Amstel III/Bullewijk"},
{"code":"T93","name":"Bijlmer-Centrum (D,F,H)"},
{"code":"T94","name":"Bijlmer-Oost (E,G,K)"},
{"code":"T95","name":"Nellestein"},
{"code":"T96","name":"Holendrecht/Reigersbos"},
{"code":"T97","name":"Gein"},
{"code":"T98","name":"Driemond"}
]