{"type":"Topology","objects":{"new_wijk_water":{"type":"GeometryCollection","geometries":[{"type":"Polygon","id":"T92","arcs":[[0,1,2]]},{"type":"Polygon","id":"T93","arcs":[[3,4,-1,5]]},{"type":"Polygon","id":"T97","arcs":[[6,7,8]]},{"type":"Polygon","id":"E14","arcs":[[9,10,11,12,13]]},{"type":"Polygon","id":"E17","arcs":[[14,15,16,17]]},{"type":"Polygon","id":"F76","arcs":[[18,19,20]]},{"type":"Polygon","id":"F78","arcs":[[21,22,23,24]]},{"type":"Polygon","id":"E41","arcs":[[25,26,27,28,29]]},{"type":"Polygon","id":"E43","arcs":[[30,31,32,33,34,35,36]]},{"type":"Polygon","id":"F81","arcs":[[37,38,39,40,41,42,43]]},{"type":"Polygon","id":"F83","arcs":[[44,45,46]]},{"type":"Polygon","id":"A00","arcs":[[47,48,49,50,51]]},{"type":"Polygon","id":"A07","arcs":[[52,53,54,55,56,57,58]]},{"type":"Polygon","id":"K54","arcs":[[59,60,61,62]]},{"type":"Polygon","id":"M28","arcs":[[63,64,65,66]]},{"type":"Polygon","id":"N65","arcs":[[67,68,69,70]]},{"type":"Polygon","id":"T98","arcs":[[71,72,73,74]]},{"type":"Polygon","id":"N60","arcs":[[75,76,77,78,79]]},{"type":"Polygon","id":"M31","arcs":[[80,81,82,83]]},{"type":"Polygon","id":"N62","arcs":[[84,85,86]]},{"type":"Polygon","id":"M57","arcs":[[87,88,89,90]]},{"type":"MultiPolygon","id":"E12","arcs":[[[91,92,93]],[[94,95,96]],[[97,98]]]},{"type":"Polygon","id":"E36","arcs":[[99,100,101,102,103]]},{"type":"Polygon","id":"K59","arcs":[[104,105,106]]},{"type":"Polygon","id":"N63","arcs":[[107,108]]},{"type":"Polygon","id":"N74","arcs":[[109,110,111,112]]},{"type":"Polygon","id":"T94","arcs":[[113,-4,114]]},{"type":"Polygon","id":"K25","arcs":[[115,116,117,118,119]]},{"type":"Polygon","id":"K45","arcs":[[120,121,122,123]]},{"type":"MultiPolygon","id":"K90","arcs":[[[124,125,126,127,128,129]],[[130]],[[131]]]},{"type":"MultiPolygon","id":"M34","arcs":[[[132,133,134,135]],[[136,137,138,139,140,141,142,143,144,145,146,147,148,149,150,151]]]},{"type":"Polygon","id":"K49","arcs":[[152,153,154,155,-106,156]]},{"type":"Polygon","id":"K53","arcs":[[157,158,-61,159]]},{"type":"Polygon","id":"F79","arcs":[[160,-25,161,162]]},{"type":"Polygon","id":"F82","arcs":[[163,-44,164,165,-46]]},{"type":"Polygon","id":"E15","arcs":[[-102,166,-14,167,168,169]]},{"type":"Polygon","id":"E38","arcs":[[170,-27,171]]},{"type":"Polygon","id":"N67","arcs":[[172,173,174,-68]]},{"type":"MultiPolygon","id":"T95","arcs":[[[175,-74,176,-7,177,-114],[178]],[[71,-180]]]},{"type":"Polygon","id":"F87","arcs":[[180,-37,181,182,-126,183,184]]},{"type":"Polygon","id":"E18","arcs":[[185,186,187,-18,188]]},{"type":"Polygon","id":"E42","arcs":[[-29,189,-32,190]]},{"type":"Polygon","id":"F77","arcs":[[-23,191,-21,192,193,194,195,-39,196]]},{"type":"Polygon","id":"M30","arcs":[[-66,197,198,199]]},{"type":"Polygon","id":"M32","arcs":[[200,201,-82,202]]},{"type":"MultiPolygon","id":"M35","arcs":[[[203,204]],[[205]],[[206]]]},{"type":"Polygon","id":"N68","arcs":[[207,208,209,-85]]},{"type":"Polygon","id":"A03","arcs":[[210,-51,211,-54,212]]},{"type":"Polygon","id":"A05","arcs":[[-11,213,-96,214,215,216,217]]},{"type":"Polygon","id":"E21","arcs":[[218,-35,219,220,221,222,-121]]},{"type":"Polygon","id":"K24","arcs":[[223,-56,224,-120]]},{"type":"Polygon","id":"N61","arcs":[[225,226,227,-78]]},{"type":"Polygon","id":"K91","arcs":[[228,229,-63,230,-129]]},{"type":"Polygon","id":"A09","arcs":[[231,232,233,234,235]]},{"type":"Polygon","id":"B10","arcs":[[-94,236,-100,237,238]]},{"type":"Polygon","id":"K46","arcs":[[-223,239,240,-153,241,-122]]},{"type":"Polygon","id":"F80","arcs":[[-162,-24,-197,-38,-164,-45,242,243]]},{"type":"Polygon","id":"F86","arcs":[[-194,244,-30,-191,-31,-181,245]]},{"type":"Polygon","id":"E19","arcs":[[246,-189,-17,247,248,-220,-34]]},{"type":"Polygon","id":"E16","arcs":[[249,-168,-13,250,-15,-188]]},{"type":"Polygon","id":"M27","arcs":[[251,252,-67,-200,253]]},{"type":"Polygon","id":"K23","arcs":[[-107,-156,254,-229,-128,255]]},{"type":"Polygon","id":"A02","arcs":[[-217,256,-213,257]]},{"type":"Polygon","id":"M56","arcs":[[258,-83,-202,259,-88,260]]},{"type":"MultiPolygon","id":"A04","arcs":[[[-49,261,-232,262,263]],[[264,265]]]},{"type":"Polygon","id":"E13","arcs":[[-237,-93,266,-98,267,-97,-214,-10,-167,-101]]},{"type":"Polygon","id":"F11","arcs":[[-238,-104,268,269,-19,-192,-22,-161,270]]},{"type":"Polygon","id":"M51","arcs":[[-204,271,272,273],[274]]},{"type":"MultiPolygon","id":"N73","arcs":[[[275,-209,276,-110,277,278],[279],[280],[281]],[[282]],[[283]],[[284]]]},{"type":"Polygon","id":"N66","arcs":[[285,-173,-71,286],[287],[288]]},{"type":"Polygon","id":"T96","arcs":[[-178,-9,289,-2,-5]]},{"type":"Polygon","id":"E20","arcs":[[-249,290,-59,291,-221]]},{"type":"Polygon","id":"F89","arcs":[[292,-185,293,-42]]},{"type":"Polygon","id":"E37","arcs":[[-269,-103,-170,294,-171,295]]},{"type":"Polygon","id":"N64","arcs":[[-112,296,-109,297,-86,-210,298,-226,-77,299]]},{"type":"Polygon","id":"K44","arcs":[[-36,-219,-124,300,-182]]},{"type":"Polygon","id":"K52","arcs":[[-155,-118,-160,-60,-230,-255]]},{"type":"Polygon","id":"F84","arcs":[[-47,-166,301,302,-243]]},{"type":"MultiPolygon","id":"M33","arcs":[[[303,-203,-81,304,-234]],[[305]],[[306,-135]],[[307,-152]],[[-142,308]],[[-138,309]],[[310,-133]],[[-148,311]],[[-144,312]],[[-146,313]],[[-140,314]],[[-150,315]]]},{"type":"Polygon","id":"M55","arcs":[[316,-254,-199,-261,-91,317]]},{"type":"Polygon","id":"A01","arcs":[[-216,318,-265,319,-52,-211,-257]]},{"type":"Polygon","id":"M50","arcs":[[320,-273]]},{"type":"Polygon","id":"N69","arcs":[[-297,-111,-277,-208,-87,-298,-108]]},{"type":"Polygon","id":"M29","arcs":[[-235,-305,-84,-259,-198,-65]]},{"type":"Polygon","id":"E39","arcs":[[-193,-20,-270,-296,-172,-26,-245]]},{"type":"Polygon","id":"A06","arcs":[[-251,-12,-218,-258,-53,-291,-248,-16]]},{"type":"Polygon","id":"E22","arcs":[[-292,-58,321,-240,-222]]},{"type":"Polygon","id":"E40","arcs":[[-295,-169,-250,-187,322,-28]]},{"type":"Polygon","id":"F88","arcs":[[-302,-165,-43,-294,-184,-125,323]]},{"type":"Polygon","id":"N72","arcs":[[-299,-276,324,-227]]},{"type":"Polygon","id":"F85","arcs":[[-195,-246,-293,-41,325]]},{"type":"Polygon","id":"M58","arcs":[[-318,-90,326],[-328]]},{"type":"Polygon","id":"K26","arcs":[[328,-158,-117]]},{"type":"Polygon","id":"E75","arcs":[[-323,-186,-247,-33,-190]]},{"type":"Polygon","id":"K47","arcs":[[-322,-57,-224,-119,-154,-241]]},{"type":"Polygon","id":"A08","arcs":[[-236,-64,-253,329,-263]]},{"type":"Polygon","id":"N71","arcs":[[-287,-70,330,-80,331]]},{"type":"Polygon","id":"N70","arcs":[[-69,-175,332,-278,-113,-300,-76,-331]]},{"type":"Polygon","id":"K48","arcs":[[-123,-242,-157,-105,-256,-127,-183,-301]]}]}},"arcs":[[[6224,2699,43.06630073674023],[4,-12],[-3,-6],[13,-34],[7,-2],[14,-37],[16,-32],[30,-98],[0,-9],[0,-5],[19,-41],[3,0],[7,-16],[-1,-4],[2,-10],[111,-271],[128,-293],[11,-24],[19,-49],[55,-135],[2,-6],[8,-15],[2,-5]],[[6671,1595,43.09597870707512],[10,-26],[11,-25],[69,-166],[25,-64],[8,-13],[18,-44],[24,-69],[-1,-3],[6,-15],[22,-55],[37,-85],[14,-38],[9,-16],[55,-135],[6,-9],[7,-26],[89,-219],[13,-34],[8,-16],[54,-131]],[[7155,406,43.12784458883107],[-14,-21],[-14,-17],[-7,-9],[-11,-14],[-9,-12],[-2,-4],[-1,-2],[-4,-2],[0,-1],[-10,-76],[0,-9],[-1,-3],[-4,-10],[0,-3],[-2,-10],[-4,-10],[-1,-7],[-5,-12],[-1,-6],[-1,-11],[-1,-2],[-5,-5],[-6,-13],[-4,-10],[-4,-13],[-6,-15],[-6,-17],[-3,-1],[-1,3],[-4,3],[-16,15],[-3,3],[-4,4],[-3,7],[-3,7],[-2,9],[-1,8],[-1,21],[0,7],[-1,5],[-2,1],[-5,-9],[-6,-13],[-2,-4],[-3,-4],[-3,-2],[-6,-3],[-5,-2],[-9,-2],[-5,0],[-12,1],[-3,0],[-7,-1],[-18,-5],[-4,0],[-19,-2],[-4,-1],[-2,-1],[-2,-3],[-2,-2],[-2,-4],[-7,-26],[-7,-35],[-4,-22],[-5,-21],[-3,-9],[-5,-14],[-9,4],[-9,4],[-5,1],[-9,2],[-10,1],[-23,-2],[-6,1],[-7,4],[-11,9],[-7,5],[-9,2],[-11,2],[-10,0],[-7,-2],[-24,-15],[-15,-7],[-43,122],[-57,149],[8,6],[-130,307],[-21,49],[-17,39],[2,1],[-3,6],[-273,707],[2,1],[-3,8],[-30,75],[-34,79],[2,2],[-24,51],[-13,24],[-14,29],[-14,47],[-7,13],[-24,37],[-35,74],[-7,18],[-23,64],[10,7],[-12,20],[15,18],[-17,28],[8,19],[11,12],[9,12],[-7,10],[11,14],[36,47],[22,31],[51,76],[58,45],[7,5],[-33,81],[103,78],[1,36],[-3,11],[-16,38],[-2,8],[53,41],[5,22],[7,42],[2,6],[1,7],[-22,54],[18,14]],[[6711,3008,43.05827589239925],[194,-474],[54,-131],[184,-448]],[[7143,1955,43.08656126726419],[-472,-360]],[[6224,2699,43.06630073674023],[24,18],[-16,48],[-3,11],[-5,20],[-4,22],[-2,19],[-2,32],[-5,6],[-6,6],[-4,4],[-9,14],[-5,8],[-10,15],[-3,4],[-4,2],[-4,5],[-7,10],[-6,11],[-5,5],[7,30],[3,24],[9,1],[8,3],[2,2],[2,4],[19,32],[1,4],[3,6],[11,18],[1,0],[0,1],[3,5],[11,18],[4,8],[41,31],[170,130],[148,-360],[68,52],[0,1],[1,1],[1,-1],[3,3],[47,36]],[[7392,1530,43.09798791073263],[274,2],[39,1],[5,1],[6,4],[13,12],[6,4],[6,3],[5,0],[6,-1],[5,-2],[3,-1],[7,-7],[3,-2],[4,-2],[4,-1],[62,0],[8,2],[7,4],[8,3],[11,1],[6,-1],[2,-1],[15,-7],[5,-1],[5,-1],[87,-3],[90,-3],[74,-1],[60,0]],[[8218,1533,43.09818488266319],[-2,-2],[-2,-5],[-2,-5],[-2,-12],[-2,-12],[-2,-9],[-5,-14],[-9,-18],[-53,-130],[-42,7],[-2,-11],[-3,-11],[-8,-33],[-5,-16],[0,-2],[0,-42],[1,-30],[-1,-14],[-1,-2],[-3,-2],[-8,2],[-7,0],[-6,-2],[-8,-6],[-8,-3],[0,-10],[0,-8],[0,-16],[0,-71],[0,-4],[-1,-53],[0,-15],[0,-8],[1,-9],[-1,-5],[0,-4],[-13,-20],[0,-1],[-1,-4],[-2,-5],[-13,-24],[-4,-7],[-4,-9],[-39,-72],[-11,-22],[-1,-3],[-1,-1],[-3,1],[-4,0],[-1,-4],[-2,-22],[-3,-1],[-2,-1],[-15,-30],[-8,-15],[-58,6],[-15,1],[-27,4],[-21,4],[-22,4],[-43,9],[-21,3],[-85,20],[-72,18],[-48,12]],[[7498,799,43.1174918981269],[2,7],[-39,10],[-2,2],[0,3],[-6,142],[4,108],[0,3],[2,3],[6,3],[1,2],[2,3],[0,3],[1,24],[-1,5],[-1,5],[-8,19],[-3,8],[-1,8],[0,33],[0,16],[1,3],[1,5],[3,9],[-10,8],[5,12],[1,6],[-1,12],[-5,40],[0,37],[-1,3],[-1,1],[-10,13],[-3,4],[-41,103],[-1,3],[-1,4],[0,61]],[[4140,7040,42.948500914499164],[164,6],[144,5],[16,2],[9,0],[11,-2],[19,-5],[25,-12]],[[4528,7034,42.94893146585673],[-7,-18],[-16,-49],[-4,-17]],[[4501,6950,42.95117537304759],[-27,-96],[-3,-10],[-5,-10],[-5,-7],[-6,-8],[-9,-7],[-3,-5],[-2,-4]],[[4441,6803,42.95510388817638],[-1,-1],[-165,-88],[-16,-65],[-13,-33],[-45,-114],[-30,-72],[-9,-24]],[[4162,6406,42.96558977197856],[-12,7],[-37,220],[-2,8],[-8,48],[5,17],[-1,4],[-1,17],[-13,81],[4,4],[80,30],[-37,198]],[[4081,6138,42.97272410057485],[238,106]],[[4319,6244,42.970056782476604],[-1,-7],[-1,-7],[-2,-6],[-4,-8],[-5,-8],[-7,-9],[-4,-8],[-3,-8],[-3,-10],[-1,-8],[1,-13],[1,-8],[16,-79],[18,-68],[4,-12],[6,-13],[9,-19],[10,-18],[2,-3],[3,-10]],[[4358,5922,42.97873901203275],[-89,-51],[-88,-57]],[[4181,5814,42.981521390378475],[-36,115],[-64,209]],[[2648,6986,42.94867086876184],[377,10],[132,5],[95,4]],[[3252,7005,42.948710445314646],[3,-28],[2,0],[1,-10],[-1,0],[1,-26],[0,-16],[0,-11],[0,-4],[-2,-26],[1,0],[-1,-7],[-3,-31],[-4,-26],[-1,-5],[-1,0],[-4,-21],[1,0],[-2,-7],[1,0],[-1,-5],[0,1],[-4,-21],[0,-1],[-2,-13],[-1,0],[-4,-23],[-2,-13],[-1,0],[0,-1],[-4,-23],[-2,-13],[-1,0],[0,-1],[-3,-16],[1,0],[-7,-38],[-1,0],[-2,-11],[-4,-20],[1,0],[-1,-4],[-1,-5],[0,1],[-5,-23],[0,-2],[-4,-22],[-18,-97]],[[3177,6437,42.963945432566106],[-371,129],[-6,3],[-5,5],[-51,59],[-39,14],[22,119],[-46,20],[-7,4],[-6,5],[-6,7],[-4,8],[-3,6],[-2,10],[-2,10],[-3,150]],[[1927,6968,42.948463971726596],[216,5],[162,5],[145,3]],[[2450,6981,42.94861599151045],[5,-268],[-61,-2],[-21,-11],[1,-55],[0,-9],[-1,-9],[-20,-166],[-33,-281],[-68,15]],[[2252,6195,42.9695851020515],[-335,74],[-26,0],[-8,15],[-18,54]],[[1865,6338,42.96535140834749],[-18,57],[-1,5],[0,2],[0,5],[0,4],[2,5],[3,6],[46,61],[8,6],[2,4],[3,6],[2,6],[1,7],[20,172],[-6,284]],[[3364,6166,42.971406219527125],[39,-2],[21,1],[8,1],[16,3],[5,2],[6,3],[5,2],[10,3]],[[3474,6179,42.97115221712738],[10,2],[19,7],[45,17],[17,7],[37,17],[38,15],[15,5],[6,5],[45,40],[4,4],[8,4],[14,4]],[[3732,6306,42.96793220099062],[29,-212]],[[3761,6094,42.97365517821163],[-204,-78],[-17,-6],[-20,-8]],[[3520,6002,42.975946116261184],[-18,-7],[-3,17],[-19,-7],[-11,-3],[-16,-3],[-13,-2],[-12,-1],[-78,-3],[0,16],[0,12],[4,60],[3,62],[1,1],[0,2],[5,0],[1,20]],[[3536,5237,42.99652209226042],[0,178],[18,12],[-1,159]],[[3553,5586,42.987162315286696],[64,0],[119,32],[27,20],[30,6],[18,-3]],[[3811,5641,42.98589075822383],[3,-4],[26,-31]],[[3840,5606,42.986861020326614],[-41,-104],[-6,-16],[-5,-20]],[[3788,5466,42.99055550340563],[-4,-16],[-4,-24],[-3,-15],[-3,-13],[-4,-14],[-4,-11],[-8,-20],[-46,-128],[-3,-7]],[[3709,5218,42.99717314913869],[-26,17],[-8,5],[-2,0],[-4,-1],[-12,-6],[-5,-3],[-3,-1],[-7,-1],[-9,1],[-48,-1],[-15,1],[-34,-1]],[[3536,5228,42.99675321392715],[0,9]],[[1959,5656,42.98379150591791],[197,90],[163,72]],[[2319,5818,42.97978939674795],[2,-8],[10,-30],[21,-32],[2,-4],[2,-8],[2,-11],[1,-12],[-1,-7],[-1,-10],[-1,-10],[0,-6],[0,-11],[1,-10],[2,-8],[10,-40],[2,-5],[1,-3],[4,-6],[2,-2]],[[2378,5595,42.98583709541708],[-11,0],[9,-12],[18,-10],[13,-56],[8,-45],[0,-5],[-2,-4],[-6,-6],[-34,-14],[-15,-16],[5,-8],[0,-5],[0,-5],[-1,-6],[-2,-4],[-8,-6],[-20,-11],[24,-98],[12,-43],[5,-13],[7,-13],[5,-7],[7,-7],[10,-3],[9,-1],[145,63],[-1,3]],[[2555,5263,42.99494275543839],[28,13],[5,3],[8,7],[3,4],[4,6],[40,-44],[1,-37]],[[2644,5215,42.99631130415946],[1,-93],[-16,-8],[69,-290]],[[2698,4824,43.006868252530694],[-183,-6],[-37,0],[-15,-1],[-16,-3],[-15,-4],[-16,-6],[-213,-96]],[[2203,4708,43.009503121487796],[-128,528],[-32,75],[-37,151],[-47,194]],[[1428,5183,42.995939374901354],[7,-2],[2,0],[6,2],[5,3],[5,4],[5,6],[9,15],[6,11],[88,186],[5,9],[11,18],[5,9],[12,16],[6,8],[13,14],[13,14],[14,12],[15,10],[15,10],[16,7],[18,8]],[[1704,5543,42.98656103108078],[48,-195],[57,-231],[19,-78],[8,-38],[7,-33],[13,-50]],[[1856,4918,43.00349879451096],[-40,-16],[-9,-3],[-29,-12],[-10,-2],[-7,-2],[-11,-1],[-7,0],[-12,2],[-11,4],[-5,3],[-15,10],[-281,251],[9,31]],[[5112,6489,42.96400808636099],[-2,-1],[-2,-8],[2,-8],[5,-9],[-3,-8],[12,-10],[2,-3]],[[5126,6442,42.96528110187501],[-19,-19],[-26,-115],[-20,-90],[-5,2],[-5,0],[-3,-2],[-3,-3],[-2,-4],[-12,-37],[-1,-4],[6,-4],[-16,-42],[-19,-44],[-68,-158],[-4,-14],[-13,-31],[-2,-5]],[[4914,5872,42.980482103303075],[-7,4],[-26,-26],[0,-7]],[[4881,5843,42.981230318546295],[-8,0],[-5,0]],[[4868,5843,42.981237607076764],[-37,68],[-13,42],[-2,7],[-11,-2],[1,11],[13,68],[2,13],[7,68],[2,23],[1,35],[1,13],[1,9],[2,0],[1,8],[7,24],[8,19],[23,38],[62,111],[18,-16],[61,96],[16,21],[38,-4],[29,0],[14,-6]],[[4429,5688,42.985097968019545],[26,19],[23,18],[56,45]],[[4534,5770,42.982966967858374],[2,-7],[19,-25],[25,-38],[6,-11],[5,-7],[92,-135],[3,-4],[4,-3],[230,-70],[13,2],[5,2],[166,67]],[[5104,5541,42.989491917192936],[2,-10],[1,-3],[17,-78],[32,-139],[2,-9]],[[5158,5302,42.99594636820257],[-68,-29],[-79,-36],[-13,-5],[-7,-1],[-8,-2],[-206,28],[-11,2],[-10,4],[-11,7],[-11,7],[-8,9],[-8,10],[-7,10],[-6,11],[-6,11],[-7,17],[-6,13],[-9,13],[-8,9]],[[4669,5380,42.9935336727649],[-86,96],[-6,6],[-5,3],[-4,3],[-8,2],[-3,0],[-27,1],[-5,1],[-6,3],[-6,5]],[[4513,5500,42.99021212477237],[-6,7],[-3,4],[-2,6],[-3,12],[-1,17],[-2,12],[-1,6],[-2,6],[-5,9],[-3,6],[-8,12],[-5,6],[-4,5],[-10,9],[-14,8],[-5,5],[-2,4],[-3,5],[-1,5],[-2,6]],[[4431,5650,42.98612389806658],[-1,11],[-1,8],[0,7],[0,12]],[[4827,3698,43.03874378371984],[188,235],[68,-7],[9,152],[-127,16],[5,84],[-1,3],[0,3],[-11,26],[54,41],[9,-1],[7,-4],[43,-4],[6,2],[95,-10],[39,-3],[14,4],[8,2],[-39,229]],[[5194,4466,43.01841174531728],[200,62]],[[5394,4528,43.016868790611625],[0,-1],[7,-48],[8,-43],[5,-60],[5,-32],[10,-41],[8,-28],[5,-15],[11,-43],[2,-22],[-1,-19],[-6,-20],[-11,-31],[-8,-17],[-13,-20],[-18,-21],[-12,-10],[-19,-12],[-18,-8],[-27,-14],[-14,-11],[-38,-36],[-23,-27],[-8,-16],[-4,-12],[-3,-19],[-9,-90],[-1,-10],[-3,-10],[-11,-35],[-22,-50],[-10,-21],[-15,-24],[-5,-5],[-6,-4],[-24,-5],[-30,0],[-25,4],[-14,1],[-12,0],[-8,-2],[-10,-4],[-14,-11],[-5,-6],[-19,-33]],[[4989,3597,43.04157379921526],[-25,27],[-3,-6],[-13,-21],[-3,-3],[-1,0],[-10,13],[-4,10],[-1,1],[-2,2],[-30,31],[-8,7],[-8,4],[-9,2],[-10,0],[-3,0],[-4,-2],[-4,-1],[-4,-3],[-9,-7],[-1,0],[-1,0],[-1,1],[-10,26],[1,13],[1,7]],[[5285,5404,42.99330935720354],[7,3],[8,1],[6,0],[10,-4],[8,-1],[9,0],[8,2],[9,5],[4,3],[5,4],[7,7],[4,6],[3,6],[3,3],[4,4],[4,2],[3,2],[32,7],[34,9],[48,30],[7,4],[8,3],[7,2],[32,3],[8,0],[5,1],[6,2],[5,3],[4,3],[8,6],[5,6],[4,6],[12,23],[9,16],[5,5],[5,5],[5,3],[4,2],[21,4],[10,2],[10,4],[5,3],[4,3],[4,4],[3,5]],[[5697,5611,42.98796979896724],[32,-50],[3,-8],[2,-5],[16,-75],[15,-47],[20,-59],[4,-12],[28,-102],[9,-28]],[[5826,5225,42.99842147156596],[-271,-178],[-13,-10],[-12,-11],[-11,-13],[-5,-6],[-10,-14]],[[5504,4993,43.004476303234696],[-34,36],[-9,18],[-12,4],[-6,2],[-11,5],[-5,3],[-6,3],[-10,8],[-9,9],[-8,9],[-20,-11],[-13,50],[-76,275]],[[4977,8990,42.89643280953169],[29,-36],[37,-68],[134,-216],[27,-35],[13,-20],[8,-16],[9,-18],[5,-13],[6,-16],[11,-33],[1,-5],[1,-9]],[[5258,8505,42.90971676912159],[-1,-9],[-1,-9],[-21,-70],[-4,-11],[-5,-11],[-8,-11],[-24,-29],[-75,-88],[-8,-14]],[[5111,8253,42.91643661726266],[-5,-11],[-6,-12],[-36,-91],[-16,-51],[-2,-4],[-164,175],[-20,19],[-13,13],[-7,20],[-1,6],[-1,6],[-1,9],[-4,73],[-2,11],[-2,11],[-5,15],[-6,10],[-4,7],[-22,28],[-37,43],[-2,0],[-1,0],[-5,4],[0,3],[-1,3],[-117,124],[-1,6],[-4,0],[-1,1],[-27,28],[-24,24],[-40,42],[-15,14],[-13,15],[1,1],[-40,43],[-9,11],[-23,30],[-1,3],[0,3],[1,4],[3,6],[-6,6],[-3,4],[-1,0],[-30,31],[-6,-4],[-1,0],[-70,73],[-5,7],[-5,10],[-4,10],[-1,7],[-1,6]],[[4305,9045,42.894476210698485],[-1,7],[0,8],[1,12],[87,154],[2,3],[3,2],[3,2],[3,1],[27,5],[40,-50],[6,-8],[6,-8],[31,-33],[17,-39],[18,-20],[39,-62],[31,-59],[2,-3],[5,-3],[3,-1],[5,0],[43,10],[17,-3],[26,5],[99,40],[3,0],[3,-2],[2,-1],[17,-18],[3,-1],[3,-1],[19,6],[4,1],[4,4],[11,17],[12,13],[21,7],[57,-40]],[[7922,2343,43.076490765437484],[1,2],[4,6]],[[7927,2351,43.076263218186796],[25,33],[22,28],[7,8],[14,15],[5,5],[12,16],[17,18],[20,28],[16,23],[20,27],[28,40],[24,37],[39,53],[7,9],[9,9],[41,53],[9,11],[17,20],[12,13],[73,95],[7,9],[36,45],[13,19],[27,35],[22,27],[10,11],[3,-7],[2,-11],[2,-17],[2,-19],[-1,-3],[3,-6],[1,-7],[1,-10],[0,-4],[2,-16],[20,-145],[15,-179],[12,-164],[7,-85],[49,-612],[-4,-8],[-12,-8],[14,-15],[5,-11],[5,-45],[6,-51],[0,-22],[1,0],[-16,0],[-22,2],[-8,1],[-15,3],[-8,2],[-14,5],[-21,8],[-13,6],[1,2],[-10,6],[-8,5],[-26,18],[-8,8],[-7,5],[-13,8],[-1,-6],[-11,1]],[[8392,1667,43.09464202914387],[5,25]],[[8397,1692,43.09397132601589],[7,4],[42,32],[20,13],[12,1],[14,-2],[11,9],[-15,8],[-9,3],[-10,0],[-9,-4],[-12,-9],[-24,-15],[-14,-4],[-11,0],[-13,7],[-20,24],[-28,25],[-8,13],[-11,21],[-13,39],[-6,30],[-11,80],[2,19],[-35,53],[-35,44],[-13,11],[-18,10],[-12,6],[-18,7],[-41,8],[-50,20],[-15,10],[-8,8],[-20,28],[-14,19],[-8,14],[-7,15],[-12,17],[-32,39],[-12,18],[-12,16],[-10,10],[3,4]],[[5303,8050,42.92205483652651],[10,-1],[16,-3],[10,-2],[15,-5],[77,3],[1,0],[5,-3],[3,-1],[5,1],[7,-1],[25,9]],[[5477,8047,42.92224396858364],[9,2],[4,1],[5,0],[6,-2],[13,-4],[12,-6],[92,-50],[4,-3],[4,-4],[27,-33],[3,-1],[6,0],[2,-1],[2,-2],[2,-3],[3,-5],[3,-9]],[[5674,7927,42.925591071136296],[-12,-9],[-2,-3],[-2,-3],[-2,-4],[-2,-7],[-1,-6],[0,-7],[1,-5],[10,-26],[25,-59],[3,-9],[3,-10],[1,-11],[0,-10],[-1,-11],[-15,-61],[-55,-236],[-18,-68],[-13,-31],[-17,-36],[-15,-30],[-16,-28],[-16,-29],[-18,-27],[-18,-26],[-19,-26],[-19,-24],[-10,-12],[-31,-34],[-21,-21],[-240,-250]],[[5154,6808,42.955435352399945],[-15,1],[-15,15],[6,38],[-2,9],[-11,10],[-7,5]],[[5110,6886,42.953329015523195],[109,109],[6,8],[4,7],[4,7],[4,11],[12,41],[2,8],[1,8],[1,5],[0,8],[0,6],[-2,10],[-32,143],[-3,25],[-2,19],[0,19],[0,20],[2,19],[4,19],[4,18],[6,18],[7,17],[22,45],[33,74],[30,-25],[39,-6],[54,-46],[3,8],[2,7],[1,5],[0,9],[-2,35],[-1,14],[-4,19],[-3,12],[-18,59],[-39,150],[-2,6],[-2,5],[-4,5],[-3,4],[-33,29],[21,43],[0,2],[0,3],[-22,87],[-6,75]],[[5985,5796,42.98317219130695],[8,-2],[209,7]],[[6202,5801,42.98314999882132],[3,-294],[1,-10],[4,-24],[36,-212]],[[6246,5261,42.99767797719687],[-7,-1],[-8,-1],[-78,-39],[-11,-3]],[[6142,5217,42.998811865225434],[-4,3],[1,1],[-2,3],[-15,14],[-22,22],[-19,20],[-6,6],[-3,-1],[-1,-1],[-5,5],[1,1],[0,2],[-18,23],[-5,8],[-6,9],[-16,29],[-11,22],[-5,13],[-2,4],[-7,19],[-3,2],[-2,4],[-1,0],[-3,11],[-5,17],[0,2],[0,2],[1,1],[1,1],[-7,22],[-4,23],[-1,1],[-2,16],[-4,27],[0,6],[-2,22],[-2,0],[-1,0],[-1,2],[0,2],[-1,0],[-1,14],[1,0],[0,2],[1,1],[2,2],[-2,18],[0,25],[0,21],[1,4],[-2,1],[2,22],[1,0],[3,18],[9,35],[1,3],[1,5],[0,1],[-1,1],[-2,2],[11,41]],[[6245,7625,42.93404910154641],[314,-208],[25,-96],[0,-204]],[[6584,7117,42.947908599860966],[-11,-2],[-67,-5],[-16,7],[-24,3],[-4,1],[-6,3],[-5,3],[-3,6],[3,5],[-6,4],[-4,0],[-1,1],[-34,53],[-15,28],[-25,45],[-2,9],[-7,9],[-7,15],[-3,5],[-8,11],[-12,14],[-7,7],[-17,17],[-2,3],[-19,31],[-8,10],[-4,3],[-4,3],[-13,5],[-13,7],[-13,4],[-3,2],[-21,8],[-2,-2],[-24,10],[-9,11],[-9,9],[-33,30],[-6,4],[-23,9],[-4,3],[-3,3],[-19,25]],[[6071,7534,42.93641117494553],[10,4],[8,4],[10,6],[7,5],[110,86],[3,1],[2,0],[2,-1],[22,-14]],[[6223,4564,43.016370012424886],[39,-56],[43,-60],[45,-61],[38,-55],[7,-10],[22,-26],[57,-80],[47,-66],[48,-59],[17,-20],[7,-7]],[[6593,4064,43.0299472277984],[-11,-15],[-14,-17],[-39,-39],[-26,-23],[5,-13],[-8,-6],[-2,-2],[1,-2],[-26,-16],[-1,0],[-9,-7],[-12,-7],[-26,-14],[-5,-1],[-3,-2],[-51,-33],[-24,-17],[-7,-5],[-1,-2],[-6,-3],[2,-2],[-9,-3],[-11,-5],[-16,-4]],[[6294,3826,43.03619205765426],[-396,160],[-7,4],[-8,6],[-44,45]],[[5839,4041,43.030178152024746],[162,215],[10,13],[10,4],[0,5],[1,8],[1,6],[3,5],[197,267]],[[4421,7714,42.9305224288255],[2,-7],[-5,-6],[7,-11],[108,-186],[33,-54],[7,-10],[24,-39],[27,140],[17,10],[8,-27],[-21,-12],[-25,-131],[13,-11]],[[4616,7370,42.939956195652485],[-2,-7],[-22,20],[-188,54],[-3,1],[-2,2],[-2,3],[-21,37],[-18,27],[-3,3],[-3,3],[-4,2],[-4,1],[-2,1],[-28,0],[-44,2],[-18,3],[-40,9],[-21,3],[-19,2],[-90,5],[-15,-1],[-11,-1],[-14,-5],[-14,-6],[-2,10]],[[4026,7538,42.93497413676232],[2,1],[1,3],[1,-1],[5,20],[6,9],[1,0],[9,-7],[6,-5],[8,-4],[6,-2],[4,-1],[120,126],[6,-12],[0,-5],[6,-15],[3,-10],[21,8],[5,1],[4,0],[89,-17],[4,-1],[5,1],[5,1],[3,2],[5,4],[70,80]],[[4803,7274,42.942672110162675],[43,95],[2,0],[7,-35],[-37,-86],[-5,-17],[1,-17]],[[4814,7214,42.9442781386897],[-3,-1],[-4,21],[-31,-4]],[[4776,7230,42.94383781310171],[-4,31],[31,11],[0,2]],[[4790,7328,42.941192319616675],[-2,-1],[-2,7],[-12,3]],[[4774,7337,42.94092938955873],[4,4],[-1,15],[-30,150],[9,3],[-4,19],[8,2],[4,-19],[8,3],[4,-18],[-9,-3],[7,-38],[-10,-3],[5,-26],[9,3],[20,-98],[-8,-3]],[[3401,7680,42.93065285589546],[16,5],[2,2],[15,2],[2,2],[1,1],[14,1],[22,1],[0,-4],[10,0],[58,2],[43,0],[0,-1],[9,1],[122,2],[0,-1],[19,0],[0,-7],[38,0]],[[3772,7686,42.93078463152051],[0,-38],[1,-66],[9,1],[2,-95],[11,-30],[13,-34],[2,-5],[4,-5],[4,-3],[5,-2],[5,0],[7,-42],[1,-10],[2,-95],[78,1],[1,2],[7,0],[0,-2],[79,1],[6,0],[-1,-20],[-2,-1],[2,-38],[-51,-2],[9,-56],[6,-29],[5,-24],[5,-30],[16,8],[0,-25],[1,-13]],[[3999,7034,42.9485411606729],[-116,-4]],[[3883,7030,42.94856682885438],[-148,-6],[-12,0],[-4,0],[-63,-3],[-171,-7],[-28,0],[-18,1],[-9,-1],[-8,-2],[-6,-1]],[[3416,7011,42.94869096856564],[0,2],[-1,1],[-2,81],[1,35],[-2,103],[-1,17],[1,0],[0,11],[-1,0],[0,-1],[-8,0],[-7,297],[-1,37],[1,29],[2,22],[3,35]],[[4004,4261,43.02308176457882],[62,43],[9,4],[23,7]],[[4098,4315,43.02170760836452],[89,27],[5,1],[160,13],[58,5],[47,52],[32,35],[1,-3],[0,-1],[1,0],[2,-3],[-10,-11],[0,-1],[0,-4],[1,-2],[1,-1],[2,0],[2,-2],[3,3],[1,-2],[2,2],[6,-9],[-1,-4],[-1,0],[-1,-2],[0,-7],[0,-1],[8,-14],[1,-3],[1,0],[10,-1],[5,5],[5,-7],[-5,-5],[0,-1],[-1,-6],[-1,-1],[3,-6],[2,-4],[8,-8],[6,-6],[4,-2],[2,-1],[10,-2],[1,11],[1,1],[4,-2],[7,-3],[12,-2],[10,-1],[29,-1]],[[4620,4341,43.021394896321],[-9,-156],[-188,-15],[-55,3],[-33,-1],[-325,-27],[-6,116]],[[5763,7677,42.93238259572536],[268,-147],[7,-2]],[[6038,7528,42.93654764350504],[-21,-28],[9,-13],[7,8],[6,-13],[-5,-7],[-1,-2],[-8,-10],[-6,-8],[0,-2],[-25,-3],[-1,4],[-17,-2],[-50,-7],[-39,-7],[-1,-1],[-39,-6],[1,-5],[-68,-17],[-2,24],[-10,73],[-15,143],[10,28]],[[5913,8710,42.904577016830444],[54,-62],[48,-50],[15,-14],[14,-13],[22,-18],[16,-12],[29,-21],[25,-16],[16,-10],[21,-12],[22,-12]],[[6195,8470,42.91120653785765],[-27,-48],[-163,-284],[-140,-242],[-26,-47],[-15,-29],[-14,-27],[-13,-30],[-12,-27],[-14,-36]],[[5771,7700,42.93176369089633],[-29,78],[-7,25],[-15,59],[-10,39],[-13,44]],[[5697,7945,42.92510862555355],[4,7],[2,7],[6,32],[5,39],[6,39],[21,66],[35,137],[5,61],[0,75],[2,20],[5,20],[6,17],[4,13],[32,63],[11,20],[29,38],[11,28],[14,41],[13,31],[5,11]],[[7893,2588,43.069936220534146],[-49,-56],[-24,-26],[-31,-33],[-31,-31],[-35,-33],[-31,-28],[-28,-25],[-31,-25],[-36,-28],[-454,-348]],[[6711,3008,43.05827589239925],[169,130],[148,113],[50,-64],[11,-17],[19,-23],[17,19],[4,5],[4,7],[4,8],[4,13],[13,33],[10,16],[37,50],[18,28],[15,28],[9,24],[5,19],[9,38],[10,3],[9,2],[12,1],[23,-1],[24,34],[12,-5],[42,-5],[21,-15],[5,-1],[14,1],[15,2],[25,0],[25,-4],[18,-5],[15,-7],[9,-5],[5,-4],[4,-4],[6,-7],[25,-33],[7,-10],[19,-32],[8,-12],[10,-13],[29,-34],[12,-15],[5,-7],[8,-14],[4,-8],[10,-22],[17,-40],[6,-17],[5,-13],[3,-14],[5,-23],[10,-54],[3,-14],[5,-18],[10,-33],[1,-4],[13,-37],[25,-78],[23,-60],[3,-14],[15,-39],[12,-40],[7,-20],[3,-7],[8,-17],[5,-16],[5,-16],[17,-46],[4,-7]],[[5196,5105,43.00125727709383],[8,-26],[13,-37],[16,-45],[31,-58],[7,-16]],[[5271,4923,43.006204896606505],[-77,-43],[-31,-15],[-31,-13],[-122,-38],[-26,16],[-12,-4],[-3,-4],[-83,-26],[-6,-49],[0,-9],[3,-27],[19,-115],[-1,-17]],[[4901,4579,43.01519490964711],[-117,14],[-148,16]],[[4636,4609,43.01420528627932],[8,143],[-1,82],[-1,22]],[[4642,4856,43.0075907073915],[9,-1],[9,2],[219,65],[134,59],[169,119],[4,2],[10,3]],[[3690,5137,42.99932864680886],[28,-8]],[[3718,5129,42.99954966828227],[-2,-5],[19,-85],[1,-1],[3,-11],[-1,-2],[-1,-2],[0,-4],[1,-4],[3,-3],[-11,3],[5,-35],[14,-88],[6,-39],[8,-44],[4,-17],[20,-94]],[[3787,4698,43.011179498396814],[1,-6],[2,-117],[1,-35],[-119,-37],[-6,-2],[-8,-6],[-7,-6],[-3,-3],[-4,-6],[-4,-6],[-6,-10],[-8,-15],[-5,-12],[-4,-9],[-3,-13],[-2,-11],[0,-10],[-1,-32],[2,-22],[4,-22],[8,-26],[3,-16],[-27,-9],[-30,-16],[-9,-6],[-47,-10]],[[3515,4235,43.02337462641299],[19,44],[7,24],[44,194],[18,58],[3,12],[8,40],[24,165],[39,281],[3,7],[10,77]],[[3481,3897,43.032408038154244],[0,5]],[[3481,3902,43.03226107917726],[-2,30]],[[3479,3932,43.031461485661566],[35,6],[0,3],[1,4],[1,2],[3,4],[6,2],[137,24],[2,-17],[3,1],[-1,9],[45,4],[66,8]],[[3777,3982,43.03038048092276],[1,-5],[14,1],[1,-65],[-2,-162],[-4,-73],[1,-130],[128,1],[0,-15],[207,2],[0,189],[237,1],[36,2],[16,4]],[[4412,3732,43.03756092209369],[15,-44],[2,-8],[4,-16],[1,-8],[1,-8],[1,-13],[-1,-127],[1,-138],[0,-89],[4,-223],[-49,-2],[5,-176]],[[4396,2880,43.06033959519118],[-456,-18],[-140,-6],[-2,0],[-3,-1],[-1,-2],[-1,-3],[0,-14],[-25,-1],[-1,9],[-5,1],[0,13],[-7,0],[4,411],[-1,53],[-2,22],[-1,9],[-4,24],[-2,0],[-6,42],[-29,1],[-99,7],[-105,8],[-1,-1],[-9,-25],[-1,-6],[-2,-2],[-35,-12],[-34,-12],[-7,7],[6,14],[2,33],[-1,9],[-5,14],[-8,17],[-3,7],[1,6],[9,12],[1,8],[-6,11],[18,20],[27,10],[6,6],[12,22],[3,7],[0,3],[4,7],[8,5],[9,0],[6,8],[8,-4],[-4,-18],[17,-8],[10,39],[2,4],[5,5],[28,6],[7,3],[89,-9],[0,-30],[-91,8],[-3,-25],[105,-10],[38,-3],[-2,20],[-34,2],[1,60],[-28,3],[-5,2],[-17,18],[-3,74],[-18,-1],[4,-65],[0,-19],[-14,4],[-18,2],[-23,-1],[-32,-7],[-1,1],[-7,65],[9,10],[3,-39],[30,3],[-2,28],[28,3],[-1,16],[14,2],[0,15],[-94,-11],[-11,8],[-1,5],[1,3],[17,12],[8,1],[0,-6],[67,7],[-2,29],[-29,-4],[-1,29],[-52,-7],[-2,20],[12,1],[-1,12],[-4,8],[-4,35],[-28,-2]],[[3366,3402,43.045560269616544],[-33,-13],[-43,-18],[-4,-2],[-27,-27],[4,-68],[0,-36],[-6,-1],[0,-12],[-162,-41],[-62,-15],[-37,-8],[-132,-30],[-8,-4],[-18,-9],[-20,-1],[-124,3],[-12,0],[-4,-1],[-1,-1],[-2,-2],[-4,-8],[-1,0],[-21,-1],[-4,18],[-4,17],[-7,18],[-6,15],[-2,11],[1,13],[2,2],[5,-3],[3,-1],[5,3],[9,24],[23,43],[0,7],[11,16],[6,17],[8,12],[11,30],[74,33],[0,7],[10,2],[9,2],[12,10],[13,9],[14,5],[16,1],[28,-6],[18,-12],[9,-3],[13,0],[14,2],[27,-2],[8,-6],[7,-5],[13,4],[9,-2],[6,-3],[3,-4],[5,2],[3,5],[4,6],[10,-2],[11,-5],[14,-11],[6,11],[6,2],[9,2],[12,-2],[10,-12],[17,-6],[19,-3],[24,9],[20,-5],[9,-8],[13,-1],[12,7],[3,10],[5,5],[7,-1],[14,-13],[10,8],[11,13],[2,6],[1,7],[-1,18],[34,20],[2,0],[8,-12],[11,5],[22,9],[8,6],[3,-2],[5,-9],[3,-9],[-6,-17],[6,-3],[1,-9]],[[3407,3397,43.04572473373264],[-16,15],[-8,-3],[2,3],[0,6],[-11,28],[-10,23],[25,21],[22,-56],[4,-15],[-8,-22]],[[6697,6581,42.96239664591849],[8,2]],[[6705,6583,42.962350950576365],[0,0]],[[6705,6583,42.96234781574458],[1,0],[4,4]],[[6710,6587,42.962242463603616],[37,68],[-2,3],[-2,6],[1,1],[3,11],[2,3],[0,3],[12,-2],[3,9],[90,-53],[-4,-11],[-45,27],[-3,-10],[99,-116],[85,-103],[61,-73],[189,-221],[58,-71],[33,-35],[57,-58],[-11,-16],[-10,-6],[-11,-4],[-137,-3],[-7,-6],[-13,-53],[4,-18],[74,-95],[0,-8],[-3,-6],[-16,-23],[-3,-2],[-4,2],[-17,20],[-21,-27],[-31,-19],[-15,22],[-28,5],[-25,20],[-6,0],[-11,-8],[-11,1],[-10,24],[-6,26],[-1,21],[3,25],[9,24],[24,39],[-24,29],[-262,-6],[-50,-2],[-13,-7],[-8,-14],[2,-38],[8,-48],[23,10],[9,1],[6,-10],[3,-10],[-4,-13],[-19,-14],[-12,-4],[0,-15],[4,-18],[14,-5],[6,1],[27,14],[7,6],[12,2],[7,-5],[3,-5],[8,-13],[2,-7],[-3,-23],[2,-6],[3,-3],[12,2],[3,-2],[4,-10],[2,-33],[-1,-8],[-2,-9],[-11,-8],[-8,-1],[2,-14],[-4,-9],[25,-24],[67,-79],[23,-19],[94,-63],[19,-6],[42,2],[22,-2],[33,-6],[13,2],[11,0],[9,-7],[5,-9],[3,-12],[3,-96],[24,-27],[22,-4],[7,1],[9,-3],[22,2],[7,-1],[5,-2],[20,-2],[7,-4],[10,-23],[9,-14],[7,-3],[9,7],[16,6],[14,-1],[7,-10],[23,1],[17,6],[10,6],[11,3],[12,10],[8,4],[25,-9],[4,10],[16,-7],[11,-10],[10,-12],[5,-12],[2,-21],[-2,-27],[-5,-12],[-12,-12],[-5,-10],[-7,-11],[-2,-12],[4,-21],[13,-40],[27,-30],[17,-10],[20,-25],[32,-13],[20,-36],[11,-15],[9,-8],[15,-6],[18,-12],[9,-3],[9,-14],[16,-44],[35,-62],[33,-45],[13,-7],[13,2],[13,-10],[6,-8],[5,-8],[24,-51],[-2,-14],[2,-11],[31,-83],[6,-39],[18,-35],[26,-39],[26,-36],[20,-21],[35,-25],[28,-6],[21,-9],[19,-13],[16,-6],[22,-4],[37,2],[20,5],[33,20],[14,7],[20,2],[26,1],[22,-5],[12,-4],[-2,-8],[-1,0],[-1,-8],[1,-1],[-2,-5],[-47,3],[-18,-3],[-5,-29],[-6,-15],[-4,-8],[-6,-6],[-10,-1],[-10,4],[-7,31],[-36,0],[-8,-13],[-11,-7],[-8,-4],[-8,2],[-24,18],[-9,3],[-9,-2],[-12,5],[-16,9],[-14,14],[-6,-3],[-15,-14],[-12,-9],[-9,-5],[-27,-5],[-7,-4],[-12,-8],[-12,-11],[-7,-4],[-4,2],[-232,276],[-153,181],[-113,135],[-172,202],[-52,58],[-33,27],[-21,15],[-22,14],[-54,26],[-107,44],[14,8],[19,-7],[13,-4],[27,-3],[33,-2],[26,1],[0,-18],[30,4],[-2,19],[-16,18],[-1,7],[9,14],[8,7],[-5,71],[-1,7],[-3,11],[-9,-2],[-3,15],[-15,2],[-5,14],[-16,1],[-24,10],[-9,16],[-12,-12],[-8,0],[-15,-37],[-19,-1],[-10,3],[-27,41],[-2,-6],[-5,-5],[-3,-2],[-4,-1],[-3,1],[-27,17],[-14,36],[-18,24],[-35,51],[2,5],[-70,41],[2,-31],[1,-11],[-6,-3],[-5,2],[-3,4],[-2,6],[1,5],[2,8],[-1,10],[-37,142],[-14,76],[-15,139],[-1,15],[11,23],[6,24],[-1,17],[-23,219],[10,11],[-3,27],[-10,3],[-3,18],[-8,67],[-11,95],[-13,25],[-10,95],[1,5],[18,33],[6,3]],[[6759,6726,42.958519730716944],[3,5],[-2,2]],[[6760,6733,42.95833276771009],[6,10]],[[6766,6743,42.95807205699384],[1,2],[4,-4],[1,2],[-4,4],[5,-4],[1,2],[-3,3]],[[6771,6748,42.95794317126274],[0,0]],[[6771,6748,42.95793520566076],[1,0],[2,-2],[1,1]],[[6775,6747,42.95794876944274],[-2,3]],[[6773,6750,42.9578752387315],[0,3]],[[6773,6753,42.9578071590513],[0,1]],[[6773,6754,42.957776888273656],[2,4]],[[6775,6758,42.957677324302495],[0,0]],[[6775,6758,42.95766156632453],[2,1]],[[6777,6759,42.957631713710725],[1,1]],[[6778,6760,42.957616108469665],[4,0],[5,-3],[7,-1],[5,2],[7,10],[12,-11],[-6,-15],[-8,-6],[-9,-2],[-7,3],[-4,4],[-11,-22],[90,-54],[-5,-14],[-92,55]],[[6766,6706,42.959070515818894],[0,0]],[[6766,6706,42.95906731951982],[-4,16],[-1,1]],[[6761,6723,42.95859639905393],[0,1],[-2,2]],[[4019,4755,43.00984644331038],[23,13],[127,75],[5,2]],[[4174,4845,43.0075400294736],[9,3],[31,7],[32,-1],[16,-2],[298,-119],[32,-53],[44,-71]],[[4636,4609,43.01420528627932],[-15,-260]],[[4621,4349,43.02116764802486],[-1,-8]],[[4098,4315,43.02170760836452],[-26,161],[20,7],[11,1],[-42,261],[-5,-1],[-24,-4],[-3,-1],[-4,-2],[-6,18]],[[4901,4579,43.01519490964711],[28,-3],[235,73],[33,10],[135,42]],[[5332,4701,43.01220588106662],[8,-41],[9,-32],[9,-24],[17,5],[19,-81]],[[5194,4466,43.01841174531728],[-38,-12],[-34,30],[-225,25],[4,70]],[[889,6946,42.94790992513299],[835,17],[203,5]],[[1865,6338,42.96535140834749],[-16,-10],[-13,20],[-21,22],[-11,17],[-24,27],[-17,-27],[-57,-98],[-63,-109],[-46,-82],[-56,-90],[-5,-11],[-9,6],[-52,70],[-84,106],[-3,8],[-21,27],[-160,205],[-26,44],[-14,13],[-12,13],[-34,41],[-33,47],[-13,20],[-20,27],[-26,23],[-24,23],[-22,24],[-59,74],[-1,0],[-1,0],[-2,0],[-1,-1],[-23,-34],[-4,5]],[[892,6738,42.953524249605834],[-2,179],[-1,29]],[[1704,5543,42.98656103108078],[255,113]],[[2203,4708,43.009503121487796],[-72,-33],[-18,-7],[-7,-4],[-12,-7],[-14,-9],[-16,-12],[-11,-11],[-15,-14],[-9,-11],[-7,-11],[-9,-13],[-13,-22],[-16,-37],[-17,-54]],[[1967,4463,43.01581073831767],[-25,98],[-19,85],[-20,76],[-3,17],[-8,30],[-19,82],[-17,67]],[[3999,7034,42.9485411606729],[141,6]],[[4162,6406,42.96558977197856],[-10,-30],[-76,-189]],[[4076,6187,42.9714074190706],[-68,126],[-2,5],[-3,7],[-2,7],[-2,8],[-5,35]],[[3994,6375,42.966277352534235],[-54,327],[-21,120],[-3,16],[-8,35],[-8,26],[-9,27],[-2,10],[-2,10],[-2,14],[-1,12],[-1,58]],[[3453,6542,42.96136201545596],[163,73],[10,5],[5,3],[5,5],[7,7],[32,46],[14,-18],[13,6],[12,-18],[11,-19],[7,-13],[6,-14],[6,-11],[3,-7],[3,-8],[3,-10],[3,-11],[13,-88],[-63,-17],[19,-136],[6,2],[1,-13]],[[3474,6179,42.97115221712738],[-4,17],[-9,37],[-7,51],[-2,4],[-2,3],[-2,3],[-3,1],[-7,66],[15,3],[12,4],[11,4],[17,7],[-40,163]],[[4977,8990,42.89643280953169],[4,39],[2,14],[2,6],[-2,2],[1,2],[7,16],[1,4],[1,3],[-1,3],[-2,6],[-2,6],[1,3],[4,52],[1,41],[2,22],[0,34],[2,93],[3,36],[-2,29],[0,31],[5,142],[-1,17]],[[5003,9591,42.880172529257834],[0,2],[18,-8],[21,-12],[14,-9],[7,-5],[33,-23],[26,-19],[26,-22],[14,-12],[24,-23],[13,-13],[8,-8],[20,-21],[35,-37],[16,-8],[-3,-17],[17,-8],[4,-2],[28,-30],[39,-38],[27,-24],[51,-43],[13,-11],[14,0],[2,0],[1,1],[1,0],[1,11],[9,-2],[15,-3],[5,-2],[13,-13],[5,-4],[13,-13],[19,-18],[21,-20],[3,-2],[8,-9],[15,-14],[20,-20],[7,-5],[7,-6],[4,-4],[5,0],[0,-1]],[[5642,9076,42.89450427517295],[-18,-33],[-17,-31],[-53,-97],[-62,-117],[-76,-140],[-4,-10],[-34,-31],[-26,-17],[-46,-87],[-48,-8]],[[7893,2588,43.069936220534146],[3,-8],[5,-18],[4,-22],[1,-10],[0,-6],[0,-5],[0,-5],[-4,-20],[-1,-12],[-1,-8],[-2,-68],[-17,2],[-28,-34],[2,-15],[4,-14],[5,-15],[6,-13],[7,-12],[22,-27],[73,-95],[43,-54],[9,-10],[23,-18],[12,-8],[15,-8],[32,-9],[38,-4],[22,-4],[21,-9],[17,-10],[18,-17],[19,-28],[18,-39],[11,-36],[12,-60],[23,-64],[17,-30],[29,-34],[46,-49]],[[8392,1667,43.09464202914387],[-19,1],[-16,-2],[-7,-2],[-5,-2],[-8,-4],[-7,-5],[-8,-7],[-11,-14],[-2,-2],[-4,-8],[-7,-16],[-8,-16],[-8,-14],[-6,-8],[-15,-13],[-6,-6],[-7,-5],[-7,-3],[-6,-3],[-6,-2],[-11,-3]],[[7392,1530,43.09798791073263],[-13,0],[-16,4],[-14,6],[-13,7],[-12,9],[-7,7],[-7,8],[-10,12],[-9,14],[-6,10],[-142,348]],[[8084,1867,43.08924118988216],[-55,136],[9,9],[2,11],[-2,6],[-5,0],[-10,-7],[-17,-7],[-6,-4],[-7,16],[12,12],[3,10],[1,27],[-11,2],[-8,-4],[-6,-20],[-3,-18],[4,-17],[0,-5],[3,-7],[-6,-10],[-11,-9],[-19,-12],[-4,1],[-22,21],[-6,8],[-1,9],[4,6],[0,5],[-6,3],[-23,2],[-10,13],[-9,-7],[-23,-23],[-7,5],[-9,-17],[-15,-14],[-13,2],[-6,-26],[-4,-3],[-9,-14],[2,-12],[8,-19],[0,-4],[-10,-11],[8,-14],[0,-17],[-10,-7],[-12,-12],[-7,2],[-5,2],[0,6],[3,18],[-1,9],[-2,3],[-12,-14],[0,-9],[-6,-10],[-5,-3],[-11,4],[-26,-3],[-6,1],[-3,4],[-4,2],[-10,1],[-5,-6],[-4,-8],[-46,-1],[-10,2],[-6,5],[-4,7],[-3,12],[1,6],[4,3],[12,-6],[1,12],[4,4],[8,0],[-1,14],[-4,5],[-5,-1],[-12,-4],[-9,-11],[-6,2],[-5,14],[-9,15],[-5,2],[-9,-2],[-43,-34],[-25,-22],[-16,-10],[-22,-10],[-9,-24],[-8,12],[-5,3],[-8,-1],[-9,-3],[-8,-4],[-9,-8],[-9,-13],[-7,-15],[12,-7],[10,14],[5,6],[8,4],[4,1],[4,-22],[-8,-2],[-11,-17],[1,-13],[6,-12],[2,-9],[-3,-6],[8,-22],[19,6],[7,5],[3,10],[0,10],[-7,22],[-2,11],[2,5],[3,2],[5,-1],[29,-66],[0,-6],[-4,-14],[1,-8],[4,-14],[6,-13],[10,-15],[14,-15],[9,-6],[8,-1],[8,4],[10,3],[9,15],[7,4],[8,0],[10,-10],[8,-3],[9,10],[1,7],[-3,5],[0,4],[-9,13],[3,7],[3,3],[6,0],[12,-10],[8,-3],[34,-2],[9,-3],[12,-19],[5,-10],[4,-4],[5,5],[13,-1],[23,-6],[5,0],[18,6],[6,-2],[5,-4],[11,9],[19,9],[104,-3],[8,4],[11,12],[4,14],[1,14],[-8,4],[-13,12],[-10,3],[-66,-47],[-19,1],[6,16],[11,-3],[15,12],[14,13],[21,18],[22,14],[8,-2],[9,1],[13,-22],[148,115],[12,31],[0,7]],[[7922,2343,43.076490765437484],[5,8]],[[3103,5227,42.996418818831444],[433,10]],[[3536,5228,42.99675321392715],[1,-158],[-123,-1],[1,-223],[22,1],[3,-349],[3,0],[3,-1],[7,-7],[-5,-11],[-4,-7],[-5,-6],[-6,-7],[-5,-5],[-7,-5],[-6,-3],[-6,-3],[-9,-2],[-10,-1],[-24,2],[-23,3],[0,-1],[-12,2],[0,-28],[-4,-1],[-2,-1],[-2,-3],[-1,-3],[0,-2],[1,-2],[0,-20],[-4,-64],[0,-22],[-1,-17],[1,0],[0,-4],[-1,0],[0,-11],[1,0],[0,-4],[0,-1],[4,-72],[4,-68],[6,-71],[2,-14],[3,-13],[5,-19],[4,-9],[3,-7],[6,-11],[3,-5],[9,-13],[5,-5],[7,-7],[6,-5],[6,-4],[13,-7],[10,-3],[9,-2],[8,-1],[12,0],[6,0],[1,1],[0,-1],[0,1],[12,1],[3,1],[4,1],[6,1],[0,-1],[3,1]],[[3479,3932,43.0314599070698],[0,0]],[[3481,3902,43.03226107917726],[-75,-9],[-21,-1],[-16,0],[-25,0],[-21,3],[-18,3],[-25,5],[-14,10],[-15,10],[-7,6],[-13,12],[-6,7],[-13,13],[-6,8],[-11,15],[-11,16],[-10,18],[-7,14],[-11,22],[-9,23],[-6,15],[-8,30],[-6,30],[-2,21],[-1,13],[-4,55],[-2,27],[-3,38],[-2,15],[-2,19],[-1,12],[0,71]],[[3110,4423,43.01798698119819],[-5,184],[-2,134],[1,36],[0,57],[-1,63],[-3,108],[1,68],[2,50],[0,67],[0,37]],[[3865,5666,42.9852443728596],[36,97],[28,69],[31,73],[51,125]],[[4011,6030,42.97559399995953],[39,95]],[[4050,6125,42.97306997515261],[31,13]],[[4181,5814,42.981521390378475],[-63,-38],[-43,-25],[-170,-91],[-9,-5],[-4,-1],[-4,-1],[-3,1],[-3,0],[-4,3],[-13,9]],[[3761,6094,42.97365517821163],[30,-218],[18,-227],[1,-3],[1,-5]],[[3553,5586,42.987162315286696],[-8,0],[0,56],[38,1],[-1,60],[-1,6],[-1,8],[-2,0],[-27,130],[-21,104],[0,1],[-10,50]],[[2450,6981,42.94861599151045],[198,5]],[[3177,6437,42.963945432566106],[-36,-190],[-1,-6],[-3,-14]],[[3137,6227,42.969555681571364],[-3,-13],[1,-1],[-10,-53],[-7,-45],[-4,-35],[-4,-35]],[[3110,6045,42.97442646417767],[-22,8],[-3,1],[-5,5],[-4,3],[-14,5],[-4,2],[-10,4],[-3,-16],[-4,-17]],[[3041,6040,42.97450635116547],[-7,2],[-28,-18],[-6,-7],[-2,-7],[-15,9],[-19,24],[-2,5],[3,11],[-67,109],[-11,-11],[-27,-28],[-20,32],[7,8],[10,47],[-1,6],[-3,2],[-92,32],[-7,-50],[-4,-14],[2,-6],[5,-6],[12,-5],[46,-17],[11,-7],[17,-30],[0,-5],[-2,-4],[-18,-15],[-9,15],[-8,2],[-44,15],[-1,-1],[-24,-22],[6,-13],[-9,-26],[-23,-4],[-4,11],[-9,-7],[-6,-9],[-48,-81],[-32,-52],[-5,-5],[-14,-5],[-6,-4],[-5,-4],[-4,-4],[-4,-6],[-4,-10],[-3,-12],[0,-12],[2,-29],[0,-5],[-2,-6],[-3,-4],[-2,-1],[-17,-2],[8,-15],[5,-18],[2,-14],[1,-11],[0,-12],[-3,-20],[-3,-9],[-9,-20],[-8,-14],[-9,-12],[-12,-12],[-11,-9],[-18,-14],[-28,-16],[-20,-8],[-32,-12],[-11,-3],[-19,-2]],[[2319,5818,42.97978939674795],[-42,173],[-16,63],[-4,19],[-4,19],[-4,24],[-1,9],[-1,21],[0,13],[2,16],[3,20]],[[5826,5225,42.99842147156596],[7,-26],[13,-51],[13,-48],[11,-39],[1,-2]],[[5871,5059,43.00289899483323],[-38,-40],[-156,-157],[-151,-151]],[[5526,4711,43.012046876363456],[-52,70],[-3,15],[1,2],[-2,14],[-1,17],[0,21],[1,15],[2,16],[2,14],[6,29],[8,23],[7,18],[5,9],[8,14],[-4,5]],[[6620,5852,42.981971896253526],[1,-16],[27,2],[12,3],[12,8],[15,13],[7,-1],[3,-26],[4,-2],[21,-195],[7,-18],[6,-5],[7,11],[34,-121],[-3,0],[-8,2],[-9,4],[-14,-3],[0,-12],[-2,-23],[6,-55],[-8,-2],[-3,13],[-5,45],[-16,107],[-11,70],[-8,11],[0,15],[-13,20],[-17,-1],[-4,-3],[-52,-101],[-5,-6],[-7,-4],[-14,-6],[-20,-27],[5,-10],[-10,-13],[-6,4],[-12,-25],[-4,-8],[-27,19],[-13,7],[-5,-4],[-5,-5],[-1,-5],[5,-7],[6,-3],[11,-4],[18,-4],[32,-18],[3,4],[9,-19],[-8,-6],[4,-20],[-1,-10],[1,-22],[5,-20],[4,-10],[4,-6],[19,-25],[1,-8],[57,-10],[19,-1],[14,-5],[20,-2],[15,1],[13,-2],[7,-5],[16,-53],[0,-23],[1,-11]],[[6760,5220,42.99901540391147],[-39,-1],[-122,9],[-227,22],[-121,11],[-5,0]],[[6202,5801,42.98314999882132],[191,2],[119,2],[56,19],[-1,27],[53,1]],[[8170,5012,43.0050944974646],[-29,-56],[-43,49],[-149,-234]],[[7949,4771,43.01149396970868],[-251,298],[-26,-15],[-79,93],[-5,86],[22,9],[48,-55],[16,14],[-40,49],[3,25],[-48,57],[32,23],[16,22],[115,96],[114,-108],[265,-313],[33,-32],[6,-8]],[[7700,5622,42.988584995269775],[-39,-61],[12,-13],[-83,-130],[-25,29],[-13,-20],[30,-36],[-29,-23],[-17,21],[-128,-117],[-30,60],[9,9],[-39,79],[-38,-35],[-26,53],[-24,-22],[-26,52],[9,8],[-10,20],[120,187],[63,-84],[86,74],[11,17],[7,17],[14,28],[166,-113]],[[7921,4764,43.011696671135724],[-7,-33],[-31,25],[-135,149],[-78,112],[26,15],[83,-85],[142,-183]],[[6245,7625,42.93404910154641],[42,88],[72,148],[28,-21],[24,10],[23,48],[131,273]],[[6565,8171,42.91945747844875],[14,-16],[27,-31],[27,-34],[36,-47],[17,-23],[19,-28],[21,-31],[25,-40],[25,-41],[22,-40],[24,-45],[11,-23],[10,-20],[22,-50],[24,-59],[119,-311],[-114,-61],[-75,-35],[-3,-2],[-2,-2],[-1,-3],[-3,-10],[-2,-2],[-3,-3],[-178,-95],[-44,-29]],[[6583,7090,42.94863600470126],[1,27]],[[4689,5922,42.97898206114769],[46,-79],[14,-10],[31,-11],[17,-4],[30,-1],[12,1],[4,2],[2,2],[13,19],[2,2],[8,0]],[[4881,5843,42.981230318546295],[-1,-9],[48,-5],[27,0],[22,-2],[24,-3],[11,-2],[11,-8],[20,-18],[5,-8],[7,-14],[0,-10],[-1,-6],[1,-10],[-2,-3],[5,-20],[4,-2],[14,-58],[-3,-6],[5,-20],[4,-1],[20,-82],[-1,-5],[3,-10]],[[4534,5770,42.982966967858374],[54,42],[16,13],[20,15],[24,20],[1,32],[30,23],[10,7]],[[4528,7034,42.94893146585673],[13,36],[6,16],[22,72],[15,68],[43,-17],[149,21]],[[4814,7214,42.9442781386897],[8,2],[13,-68],[13,5],[26,-149],[-15,-5],[-1,-2],[16,-84],[2,-48],[7,-6],[14,-13],[18,-24],[32,-49],[-20,-40],[8,-5]],[[4935,6728,42.95745039079338],[-18,-43],[-18,-33],[-25,-39],[-10,-18]],[[4864,6595,42.96098804380745],[-10,9],[-4,3],[-45,21],[-8,0],[-44,22],[-3,2],[-9,7],[-41,51]],[[4700,6710,42.957777499221265],[-158,197],[-4,12],[-10,12],[-2,2],[-25,17]],[[3690,5137,42.99932864680886],[6,43],[13,38]],[[3788,5466,42.99055550340563],[186,100]],[[3974,5566,42.988029656000435],[33,-112],[8,-30],[11,-40]],[[4026,5384,42.99295265413821],[-25,-13],[7,-27],[10,-32],[5,-12]],[[4023,5300,42.99521618895233],[-52,-28],[-14,-7],[-1,0],[-27,-15],[0,1],[-13,-7],[1,-1],[-60,-35],[-25,-13],[-114,-66]],[[4642,4856,43.0075907073915],[1,33],[0,9],[3,15],[2,9],[3,9],[0,36],[0,31],[-2,47],[-4,114],[1,27],[6,153],[5,21],[12,20]],[[5158,5302,42.99594636820257],[10,-59],[19,-104],[6,-22],[3,-12]],[[5674,7927,42.925591071136296],[22,-53],[8,-21],[13,-47],[2,-9],[6,-28],[8,-50],[0,-18],[3,-12],[1,-15],[12,-89],[1,-3],[1,-2],[4,-3],[-5,-18],[15,-136],[0,-5],[1,0],[-1,-8],[0,-3],[0,-2],[4,-29],[9,2],[3,0],[38,13],[0,-1],[27,9],[11,3],[25,5],[28,5],[23,4],[36,4],[0,1],[2,0],[32,2],[7,0],[0,-1],[3,1],[0,1],[5,1],[6,-1],[0,3],[4,-1],[0,-2],[5,-2],[1,0],[10,-2],[0,2],[3,0],[18,-6],[106,-33],[36,-55],[-37,-210]],[[6170,7118,42.94768436718732],[-23,9],[-131,47],[-3,1],[-2,0],[-14,-73],[-1,-2],[-2,-2],[-2,-1],[-3,1],[-75,65],[-35,-74],[-3,3],[-3,-6],[-100,86],[-29,0],[-37,-80],[-4,-7],[-5,-6],[-6,-5],[-6,-3],[-67,-22],[-11,-5],[-10,-6],[9,-64],[-13,-3],[9,-61],[-2,-11],[14,-101]],[[5615,6798,42.956004029139876],[-7,-3],[-199,-54],[-1,10],[-39,4],[-4,4],[-3,9],[0,15],[-45,4],[-26,5],[-17,4],[10,15],[7,14],[-20,18],[-10,-10],[-28,-48],[-2,1],[-3,3],[-2,3],[2,8],[34,54],[-12,21],[-71,-75],[25,-35],[13,15],[4,1],[4,-7],[-16,-20],[-19,11],[-21,15],[0,15],[1,6],[4,7],[-20,0]],[[4412,3732,43.03756092209369],[16,4],[9,1],[10,1],[9,-1],[10,-2],[111,-28],[7,-1],[162,-1],[0,77],[0,4],[2,10],[2,7]],[[4750,3803,43.03588971402496],[42,-46],[10,-12],[16,-21],[4,-6],[2,-6],[2,-6],[1,-8]],[[4989,3597,43.04157379921526],[-11,-22],[-4,-10],[-1,-8],[0,-10],[10,-52],[6,-28],[2,-15],[4,-31],[-1,-16],[-4,-17],[-7,-18],[-43,-100],[-12,-50],[-8,-44],[-29,-114],[-7,-24],[-4,-24],[4,-44],[4,-16],[9,-36],[5,-13],[3,-5],[-8,0],[-6,1],[-11,0],[-27,-2],[-18,-1],[-439,-18]],[[5355,6001,42.97729735914618],[10,14],[70,102],[1,9]],[[5436,6126,42.97397807240486],[17,16],[29,21],[-4,12],[15,11],[38,41],[-23,28],[-44,-24],[-34,115],[39,58],[3,43],[-19,-2],[-68,-14],[0,-10],[-8,-1],[-5,55],[-2,41],[12,-1],[12,-2]],[[5394,6513,42.963539310730994],[2,-21],[-1,-5],[-4,-1],[2,-20],[3,1],[0,-2],[1,0],[8,1],[10,0],[17,0],[9,-2],[15,-3],[11,-4],[177,-64],[22,-7],[0,2],[1,0],[0,1],[8,-2],[-1,-4],[23,-7],[21,-8],[10,-4],[13,-6],[13,-8],[97,-70],[11,-7],[19,-11],[25,-14],[13,-8],[12,-9],[10,-10],[8,-9],[9,-11],[7,-11],[8,-13],[8,-15],[5,-12],[1,-1],[3,0],[4,-11],[-2,-3],[0,-1],[0,-2],[5,-13],[5,-21],[3,-18],[0,-12],[1,-2],[1,-1],[2,0],[0,-1],[2,-17],[-2,-2],[0,-21],[1,-10],[-2,-36],[-1,-14],[-2,-12],[-2,-17],[-3,-13],[-15,-54],[1,-1],[-1,-2],[1,-2],[2,-2],[-18,-65]],[[5970,5796,42.98316921386868],[-120,-5],[-8,-1],[-5,-2],[-3,-2],[-5,-4],[-5,-5],[-30,-41],[-24,-27],[-73,-98]],[[5697,5611,42.98796979896724],[-52,70],[21,30],[11,19],[-11,35],[-311,236]],[[4026,7538,42.93497413676232],[-39,-18],[-24,42],[-8,13],[-14,20],[-8,10],[-15,17],[-17,15],[-10,8],[-11,8],[-12,7],[-13,6],[-12,6],[-12,4],[-24,7],[-11,2],[-11,1],[-13,0]],[[3401,7680,42.93065285589546],[-9,-3],[-9,-2],[-13,-6],[-9,-5],[-13,-9],[-4,-1],[-4,-2],[-10,-8],[-9,-8],[-15,-14],[-12,-14],[23,40],[9,17],[-42,31],[-24,16],[-1,12],[-19,13],[-28,-49],[-17,1],[-45,-1],[-1,-26],[-3,-93],[0,-40],[-2,-17],[0,-28],[-1,-9],[-3,-4],[-15,-5],[-19,-5],[-19,-3],[-18,-1],[-419,-1],[-39,0],[-38,1],[-16,5],[-8,4],[-7,3],[-14,9],[-9,6],[-19,14],[-19,17],[-18,16],[-10,12],[-10,11],[-27,34],[-16,25],[-8,12],[-4,7],[-7,15],[-1,3],[-3,-3],[-6,13],[-3,7],[-3,6],[-4,8],[-6,-6],[-7,13],[-19,-17],[-8,-5],[-8,-6],[-6,-7],[-34,-30],[-3,8],[-3,-2],[-8,-1],[-3,4],[-3,9],[-4,7],[-4,8],[-2,2],[-5,9],[-11,28],[-13,32],[-12,36],[-5,17],[-10,35],[-4,16],[-6,26],[-8,46],[-2,9],[-2,8],[-4,11],[-5,11],[-4,7],[-4,7],[-3,5],[-7,9],[-2,6],[-6,6],[-5,5],[-8,6],[-8,4],[-7,4],[-12,3],[-10,2],[-8,0],[-7,-1],[-8,-1],[-12,-3],[-9,-5],[-16,-11],[-18,-17],[-14,-12],[-10,-7],[-8,-3],[-4,-2],[-8,0],[-11,1],[-33,-5],[-22,-7],[-10,-2],[-521,-1],[-59,-282],[-70,167],[2,23],[1,8],[1,4],[3,9],[4,11],[8,12],[-60,36],[-9,5],[-44,17],[-59,17],[-19,4],[-146,41],[-13,-86],[-32,19],[-24,-152]],[[845,7783,42.92529128026217],[-8,4],[-35,11],[1,5],[-222,65],[-435,124],[-146,42],[2,12],[5,32],[25,158],[6,46],[3,10],[23,149],[3,25],[11,66],[31,204],[15,94],[52,343],[4,25],[2,12],[22,141],[53,348],[40,257],[36,-8],[38,-13],[19,-14],[10,-14],[8,-14],[5,-13],[4,-19],[33,-240],[67,-497],[26,-203],[19,-140],[151,39],[-21,166],[-109,795],[2,28],[12,25],[11,14],[16,10],[32,-6],[377,-109],[9,-4],[15,-14],[5,-9],[3,-6],[9,-10],[8,-35],[-166,-72],[8,-32],[165,71],[146,-625],[-130,-57],[2,-8],[-6,-3],[2,-7],[-47,-20],[7,-29],[23,10],[-1,5],[24,11],[1,-7],[49,20],[-2,7],[24,11],[1,-7],[45,19],[2,-3],[15,-69],[6,3],[33,-141],[-5,-2],[2,-11],[1,-5],[1,-163],[-2,-252],[2,-308],[55,2],[8,-2],[6,-5],[3,-6],[2,-7],[-1,-6],[-4,-38],[23,0],[5,42],[1,9],[2,6],[3,3],[3,2],[8,2],[82,-1],[1,36],[-8,0],[-1,11],[8,1],[0,25],[2,12],[6,14],[5,9],[3,3],[8,2],[22,-1],[17,1],[159,0],[199,2],[11,15],[-1,102],[-122,2],[-1,-11],[-279,-1],[0,10],[-12,2],[-11,11],[-4,10],[-15,0],[-1,106],[12,0],[0,104],[1,89],[3,12],[9,12],[9,7],[7,2],[9,1],[107,0],[148,-1],[3,-3],[-1,-38],[8,0],[-1,-20],[-5,0],[0,-41],[36,1],[2,93],[1,6],[2,2],[4,0],[117,2],[0,13],[139,1],[0,72],[-165,0],[-1,91],[-407,0],[-8,1],[-6,3],[-10,8],[-4,7],[-3,10],[-41,169],[-18,79],[-17,79],[-74,309],[-35,159],[2,11],[2,7],[7,10],[32,32],[7,4],[9,-1],[156,-48],[681,-196],[3,-3],[0,-4],[-2,-2],[-3,-2],[-5,-1],[-188,54],[-10,-5],[-13,-79],[7,-1],[3,-5],[4,-16],[7,-12],[8,-5],[8,-4],[17,-3],[6,-3],[10,-9],[5,-10],[37,-94],[8,6],[5,-14],[-8,-6],[36,-90],[8,-4],[6,-1],[84,58],[7,8],[6,3],[6,-2],[8,-9],[20,-47],[8,-17],[5,-3],[3,0],[5,1],[85,64],[30,22],[4,2],[1,-1],[22,-95],[14,6],[19,-83],[-13,-7],[30,-39],[-9,-12],[10,-13],[40,-179],[-13,-6],[28,-115],[7,-35],[-2,-5],[7,-32],[11,-3],[115,-492],[-12,0],[2,-276],[-231,0],[-10,21],[-82,23],[-5,-2],[-2,-7],[15,-42],[25,-58],[19,-64],[2,-15],[127,-2],[89,1],[1,-135],[16,-34],[18,0],[-1,169],[97,1],[31,0],[0,-125],[1,-8],[1,-6],[6,-14],[6,-12],[7,-6],[15,0],[0,164],[1,4],[4,2],[144,3],[-1,68],[-81,0],[-1,1],[0,15],[-60,-1],[0,18],[-28,-1],[-1,2],[-1,103],[1,5],[8,10],[5,1],[8,-3],[198,2],[9,14],[14,3],[3,-16],[53,11],[1,-11],[46,0],[3,5],[0,97],[-347,1],[-3,54],[0,48],[350,5],[0,84],[-363,0],[-2,3],[-8,30],[-13,60],[-14,56],[0,4],[1,1],[42,1],[105,-2],[161,0],[90,2],[0,29],[-11,9],[7,24],[-6,6],[-18,-14],[-65,60],[-179,4],[-63,-1],[-32,1],[1,-7],[-37,1],[-12,12],[-46,203],[-65,278],[-20,10],[-40,186],[-38,163],[-1,7],[1,5],[2,3],[4,5],[5,0],[35,-10],[160,-48],[3,-2],[4,-4],[11,-23],[4,-2],[17,-5],[3,-1],[4,1],[20,15],[21,-4],[4,1],[11,25],[4,4],[6,2],[5,0],[22,-6],[5,-4],[5,-5],[3,-7],[6,-38],[6,-20],[3,-5],[21,0],[4,1],[3,4],[3,1],[35,-8],[113,-34],[98,-32],[139,-37],[2,-2],[2,-5],[1,-9],[1,-11],[-2,-7],[-43,-80],[-14,-24],[-6,-3],[-54,13],[-205,59],[-1,-7],[-37,11],[2,7],[-22,6],[-7,-46],[201,-58],[75,-24],[2,-2],[0,-3],[-7,-14],[-136,-256],[81,-79],[109,201],[45,86],[44,80],[2,3],[3,-1],[2,-5],[12,-56],[23,-113],[-5,-11],[-87,-159],[13,-12],[21,-22],[16,31],[-1,14],[3,5],[43,79],[11,2],[2,-2],[23,-114],[21,-22],[-40,-72],[11,-11],[4,2],[34,-35],[9,16],[-26,26],[-3,5],[-2,6],[1,5],[1,4],[20,36],[3,2],[3,-1],[4,-3],[33,-34],[21,-13],[54,-53],[21,-27],[8,14],[-6,7],[35,65],[-7,8],[-76,76],[-10,-16],[-7,7],[10,17],[-30,29],[-3,5],[-2,6],[-9,44],[-15,-5],[-3,11],[16,6],[-30,144],[-16,-6],[-3,11],[16,6],[-50,238],[-2,12],[3,7],[6,5],[149,-34],[141,-32],[36,-13],[2,-7],[-4,-10],[-14,5],[-20,-60],[-19,-63],[4,-2],[-13,-36],[-2,-10],[-1,-17],[0,-17],[3,-17],[5,-18],[8,-17],[8,-15],[11,-16],[16,-13],[20,-10],[14,-1],[14,0],[12,2],[12,4],[12,7],[10,8],[9,10],[8,12],[7,13],[10,30],[31,105],[-2,10],[-4,9],[-5,6],[-38,27],[-9,0],[-5,-2],[-3,-3],[-3,-5],[-35,-120],[-2,-5],[-3,-4],[-4,-3],[-8,0],[-7,3],[-2,3],[-3,5],[-2,8],[1,9],[4,13],[27,93],[5,20],[2,21],[4,13],[2,6],[5,0],[39,-27],[6,-1],[44,-32],[2,-4],[38,-30],[2,-3],[0,-5],[-25,-77],[41,-33],[29,56],[8,12],[2,-1],[48,-49],[2,-4],[-1,-4],[-3,-2],[-4,1],[-23,22],[-194,-357],[-3,-24],[0,-12],[3,-7],[32,-31],[3,15],[8,14],[9,-8],[105,195],[20,-19],[7,-4],[-3,-8],[24,-15],[-3,-7],[16,-17],[-45,-86],[-50,-91],[53,-53],[96,178],[30,-32],[-17,-31],[69,-70],[2,1],[6,19],[5,26],[-14,3],[13,92],[4,29],[-95,154],[-1,2],[1,6],[8,33],[-3,3],[0,4],[1,3],[2,0],[3,-3],[8,-9],[2,2],[3,-1],[3,-4],[42,-61],[45,-77],[4,3],[56,-112],[27,-59],[9,-6],[13,-11],[2,-4],[-1,-4],[-81,-70],[-80,-98],[-61,-64],[-56,-57],[-14,-15],[-53,53],[-11,-22],[45,-45],[-6,-10],[-132,133],[5,10],[80,-81],[12,23],[-133,134],[-53,52],[-74,-137],[201,-200],[-45,-85],[-90,90],[-13,-25],[8,-4],[-2,-26],[95,-99],[43,-37],[14,-8],[9,-4],[8,-1],[8,1],[17,7],[9,7],[148,156],[6,4],[6,0],[7,-2],[4,-4],[4,-8],[18,-70],[0,-5],[-2,-6],[-117,-126],[12,-22],[55,56],[79,85],[1,4],[-24,92],[-3,18],[-3,42],[16,19],[44,21],[3,1],[17,-73],[5,2],[16,-63],[7,2],[4,-20],[5,-21],[-7,-4],[2,-10],[38,12],[21,19],[26,9],[2,6],[-36,167],[-16,76],[3,6],[33,37],[3,1],[3,-3],[13,-68],[3,2],[12,-56],[12,-32],[14,-64],[17,-83],[28,-131]],[[4023,5300,42.99521618895233],[1,0],[1,-10],[1,0]],[[4026,5290,42.99549129512161],[47,-181],[2,-5],[3,0],[3,0],[3,-4],[3,-4],[1,-3],[10,-38],[5,3],[22,-63],[4,-13],[22,-64],[8,-12],[10,-30],[5,-31]],[[4019,4755,43.00984644331038],[-110,-64],[-19,68],[-103,-61]],[[1428,5183,42.995939374901354],[-23,9],[-7,0],[-5,-1],[-2,-1],[-4,-3],[-5,-8],[-1,-3],[-15,-30],[-33,-63],[-6,-10],[-11,-16],[-9,-12],[-12,-13],[-8,-6],[-7,-5],[-9,-5],[-17,-8],[-8,-6],[-7,-5],[-6,-6],[-6,-7],[-5,-7],[-6,-10],[-38,-87],[-36,-77],[-5,-11]],[[1137,4792,43.00609685666859],[-155,136],[-141,122],[-20,21],[-16,21],[-12,21],[-11,25],[-7,19],[-4,26],[-3,45],[2,31],[5,43],[11,89],[30,230],[44,350],[14,112],[2,19],[2,23],[0,41],[-1,35],[-1,33],[-4,50],[-10,69],[-15,73],[-16,57],[-16,47],[24,14],[55,88],[-2,106]],[[3137,6227,42.969555681571364],[155,-54],[12,-3],[10,-1],[37,-3],[13,0]],[[3103,5227,42.996418818831444],[-1,43],[-4,70],[-2,69],[-1,117],[-1,105],[-1,153],[1,48],[3,49],[11,146],[2,18]],[[3840,5606,42.986861020326614],[25,60]],[[4358,5922,42.97873901203275],[7,-23],[4,-16],[2,-13],[2,-26],[1,-11],[2,-12],[3,-12]],[[4379,5809,42.98180666565895],[-163,-107],[-15,-10],[-59,-36],[-107,-57],[-36,-20],[-25,-13]],[[4050,6125,42.97306997515261],[26,62]],[[4441,6803,42.95510388817638],[-1,-5],[-1,-3],[0,-5],[0,-5],[2,-5],[6,-16],[1,-4],[-1,-4],[-49,-178],[-2,-7],[5,-3],[-5,-20],[-1,0],[-5,-17],[3,-2],[-59,-211],[-4,-14],[0,-9],[-10,2],[-1,-14],[-1,-13],[0,-11],[1,-15]],[[5420,4605,43.014830141328275],[-3,12],[-11,45],[-23,97],[-15,52],[-69,157],[-6,-4],[-34,83],[-48,230],[-12,48]],[[5199,5325,42.99536426272243],[17,7],[6,3],[10,8],[4,4],[8,10],[5,8],[8,14],[4,6],[4,4],[4,4],[6,5],[10,6]],[[5526,4711,43.012046876363456],[-106,-106]],[[4621,4349,43.02116764802486],[145,-17],[3,-14],[3,-12],[3,-7],[39,-89],[1,-6],[2,-9],[0,-11],[0,-10],[-1,-9],[-13,-253],[-2,-15],[-3,-10],[-4,-9],[-39,-65],[-2,-3],[-3,-7]],[[3777,3982,43.03038048092276],[1,1],[1,11],[0,5],[0,31],[1,34],[4,45],[3,24],[1,21],[-1,16],[-3,21],[1,3],[-2,7],[56,18],[8,1],[8,1],[75,-3],[4,0],[7,2],[5,1],[5,3],[53,37]],[[4864,6595,42.96098804380745],[-3,-4],[-54,-109],[-20,-41],[-6,-14],[-45,-90],[-11,-24],[-1,-10],[-10,-57],[-3,-19],[-1,-7],[-8,-47],[-11,-133],[-9,-98],[1,-5],[6,-15]],[[4534,5770,42.982966967858374],[-2,4],[-5,22],[-4,6],[0,5],[19,475],[2,45],[0,5],[117,285],[31,73],[8,20]],[[5871,5059,43.00289899483323],[49,48],[99,49],[99,47],[12,3],[4,8],[8,3]],[[6760,5220,42.99901540391147],[1,-7],[28,-3],[14,0],[23,-10],[8,-10],[31,-34],[11,26],[36,-22],[18,-8],[15,-5],[40,-12],[100,-44],[-3,-12],[-1,0],[0,-2],[5,-2],[1,-5],[-9,-11],[-14,-16],[-13,-11],[-11,-7],[-32,-28],[-9,-7],[-5,-3],[-3,-3],[-1,-2],[-5,15],[-7,20],[-26,-93],[-71,-191],[-34,-99],[-43,-92],[-1,-15],[-5,-19],[-48,-105],[-32,-64],[-13,-31],[-8,-19],[-37,-82],[-35,-84],[-23,-45],[-9,-14]],[[6223,4564,43.016370012424886],[-9,13],[-23,30],[-47,65],[-59,81],[-21,31],[-45,60],[-70,97],[-35,51],[-33,49],[-10,18]],[[5126,6442,42.96528110187501],[18,-34],[3,-7],[3,-19],[2,-6],[4,-2],[7,5],[7,11],[40,-52],[-11,-22],[72,-94],[24,-21],[12,1],[28,-21],[16,9],[11,9],[13,15],[8,27],[5,19],[1,29],[-4,47],[25,3],[2,-30],[2,-29],[0,-24],[-2,-43],[-9,-57],[-6,-22],[20,-16],[-2,-12],[21,20]],[[5355,6001,42.97729735914618],[-19,-25],[-11,-17],[-81,-120],[-11,-16],[-5,-6],[-10,-11],[-12,-8],[-112,-47]],[[5094,5751,42.9838504306972],[-10,31],[-9,22],[-68,55],[-19,6],[-28,6],[-37,-4],[-9,5]],[[5140,6468,42.964588552713394],[5,23],[21,48]],[[5166,6539,42.96270463336259],[6,-5],[17,37],[27,-9],[6,1],[4,4],[1,10],[116,-36],[2,-11],[2,-13],[3,-46],[-1,-14],[6,-45],[0,-10],[-1,-11],[-4,-9],[-5,-8],[-6,-6],[-8,-6],[-8,-2],[-10,0],[-9,2],[-72,49],[-48,25],[-44,32]],[[4616,7370,42.939956195652485],[0,-1],[15,0],[3,3],[1,5],[63,-18],[76,-22]],[[4790,7328,42.941192319616675],[-4,-1],[5,-27],[6,-1],[5,-27],[1,2]],[[3416,7011,42.94869096856564],[-7,0]],[[3409,7011,42.94869338814169],[-19,-1],[-19,1],[-102,-5],[-17,-1]],[[889,6946,42.94790992513299],[-1,20],[-12,181],[-5,35],[-10,120],[1,92],[-1,148],[0,54],[-1,34],[-3,97],[0,31],[-1,6],[-1,5],[-2,5],[-4,7],[-4,2]],[[8170,5012,43.0050944974646],[5,11],[83,-103],[6,4]],[[8264,4924,43.00748765375465],[142,-359]],[[8406,4565,43.01715343166143],[-8,-10],[16,-36],[-87,-72],[-3,-26],[-14,-22],[-10,26],[-48,-40],[-84,93],[-12,-21],[-11,-18],[61,-95],[-70,-18],[-44,46],[-125,88],[-30,140],[0,2],[2,2],[7,-6],[16,58],[16,63],[-30,43],[4,7],[-3,2]],[[8158,4489,43.019131877459586],[-65,73],[-101,138],[-20,-52],[-9,-63],[171,-132],[13,17],[11,19]],[[6584,6951,42.95238518808037],[-1,139]],[[6565,8171,42.91945747844875],[-25,28],[-17,18],[-18,17],[-26,26],[-20,19],[-31,27],[-41,35],[-19,15],[-25,19],[-26,18],[-26,18],[-26,17],[-26,16],[-27,16],[-17,10]],[[5913,8710,42.904577016830444],[4,8],[5,7],[5,7],[6,6],[5,6],[7,5]],[[5945,8749,42.90353826247156],[2,1],[9,4],[15,3],[38,6],[47,9],[16,4],[7,3],[15,8],[19,11],[90,54],[90,43],[17,11],[13,9],[12,10],[3,3],[1,2],[9,17],[4,8],[6,17],[6,20],[4,17],[14,79],[48,235],[7,37],[7,33],[3,8],[22,-9],[3,5],[17,16],[15,12],[1,-2],[1,-2],[50,4],[1,2],[0,3],[3,28],[0,15],[-1,11],[-3,12],[1,1],[-6,13],[7,5],[1,0],[9,6],[26,19],[1,-4],[-7,-6],[-2,-3],[3,-15],[3,-7],[4,-14],[6,-13],[5,-12],[11,-22],[2,-1],[4,0],[9,1],[5,3],[8,5],[5,2],[7,2],[7,1],[3,0],[4,-1],[13,3],[2,-32],[9,6],[1,0],[27,3],[45,4],[7,1],[39,3],[52,6],[46,3],[9,2],[27,1],[10,2],[16,1],[1,1],[5,0],[22,3],[8,1],[24,2],[3,-1],[5,2],[23,2],[19,2],[19,1],[3,0],[0,1],[5,1],[19,0],[6,2],[7,1],[24,1],[10,2],[21,2],[2,1],[2,3],[10,9],[15,14],[5,5],[29,28],[10,10],[3,2],[2,2],[3,2],[8,9],[7,6],[4,5],[15,13],[3,5],[11,9],[13,12],[2,1],[2,2],[6,6],[4,5],[18,15],[5,7],[14,13],[14,13],[17,17],[17,15],[3,4],[24,23],[6,4],[61,-119],[54,-108],[16,-30],[12,18],[5,8],[3,2],[31,-1],[5,1],[3,3],[3,4],[11,23],[10,22],[8,16],[5,11],[1,3],[1,4],[-1,14],[-1,25],[0,7],[3,16],[0,-2],[1,-1],[0,-3],[26,-2],[0,2],[1,1],[4,1],[5,-1],[13,-1],[12,1],[11,-1],[15,-2],[10,2],[8,1],[6,1],[5,-1],[1,0],[2,0],[19,0],[2,0],[0,1],[4,0],[2,2],[3,0],[1,-1],[41,-3],[61,-1],[4,0],[8,1],[6,0],[9,-1],[5,1],[0,1],[17,-10],[14,-11],[9,-7],[58,-47],[26,-21],[48,-38],[8,-8],[25,-19],[6,-4],[19,-16],[12,-8],[17,-14],[18,-14],[19,-16],[1,-1],[12,-9],[16,-13],[28,-22],[8,-7],[38,-29],[9,-9],[23,-18],[3,-2],[2,-1],[2,-2],[6,-4],[31,-25],[38,-29],[7,-6],[12,-9],[6,5],[1,0],[2,0],[3,5],[12,11],[8,9],[18,17],[8,5],[4,3],[2,4],[2,7],[21,66],[3,4],[4,3],[6,3],[9,-10],[13,-20],[25,-26],[10,-7],[22,-9],[19,-3],[20,5],[13,-2],[13,-4],[12,-6],[10,-7],[33,-29],[9,-16],[9,-21],[16,-52],[6,-23],[6,-33],[2,-18],[-3,-17],[-12,-28],[-4,-20],[-5,-8],[-1,-16],[-3,-6],[-37,-16],[-12,-2],[-29,-4],[-4,1],[-8,4],[-12,0],[-9,2],[-11,-2],[-16,-1],[-8,-6],[-5,-1],[-11,2],[-15,-6],[-11,-2],[-6,1],[-5,4],[-8,0],[-11,3],[-7,5],[-17,11],[-3,0],[-12,22],[-5,7],[-6,3],[-6,1],[-8,3],[-7,2],[-10,4],[-11,2],[-11,-10],[-44,-17],[-3,-5],[-18,-21],[-5,-14],[-12,-16],[-9,-15],[-20,-18],[-14,-22],[-18,-20],[-6,-5],[-11,-8],[-9,-3],[-13,-7],[-3,-3],[-15,-22],[-5,-20],[1,-18],[1,-38],[16,-5],[6,-4],[6,-6],[11,-2],[5,0],[14,6],[4,3],[10,-1],[5,2],[12,12],[5,1],[8,-1],[5,2],[15,11],[5,2],[8,1],[2,7],[57,66],[4,3],[4,1],[2,4],[2,5],[2,10],[0,18],[1,6],[4,4],[5,4],[8,2],[7,0],[14,-5],[8,-4],[16,-5],[10,2],[10,-7],[9,2],[25,-3],[27,3],[10,2],[9,-1],[0,8],[4,2],[13,-4],[6,2],[12,0],[0,3],[3,3],[23,13],[9,3],[29,3],[6,-5],[47,-1],[10,17],[10,13],[9,25],[4,6],[5,4],[9,-6],[42,0],[27,8],[12,15],[13,14],[2,6],[10,15],[3,6],[4,7],[8,6],[5,9],[6,5],[3,6],[0,9],[-2,13],[9,2],[0,8],[0,9],[2,7],[-1,9],[5,6],[14,11],[6,1],[6,-1],[17,-9],[6,2],[33,-18],[27,-18],[10,-3],[23,-12],[13,-3],[17,-12],[16,-9],[22,-8],[13,-1],[9,-12],[13,-4],[8,-17],[3,-18],[3,-6],[0,-7],[23,-17],[5,2],[8,-7],[11,-7],[4,-6],[21,-10],[5,-8],[12,-10],[7,-1],[15,-8],[29,-2],[15,-9],[16,-7],[21,2],[17,9],[27,6],[8,10],[12,1],[6,9],[18,8],[19,6],[6,7],[15,8],[3,8],[6,7],[8,4],[6,3],[9,-1],[11,1],[5,2],[7,7],[10,4],[11,-1],[14,9],[5,0],[7,-8],[22,-8],[31,-14],[17,-6],[6,2],[5,6],[11,0],[9,-7],[6,-6],[4,-2],[6,5],[2,5],[7,1],[7,-2],[8,1],[16,15],[0,7],[7,10],[16,5],[2,11],[8,6],[7,1],[5,-2],[5,-9],[6,-6],[18,-6],[14,2],[17,6],[-1,58],[9,-5],[9,-1],[1,-19],[5,-29],[0,-14],[-2,-17],[-2,-12],[-3,-10],[-7,-16],[-5,-20],[-4,-27],[-3,-22],[-3,-12],[-4,-6],[-5,-2],[-50,18],[-30,15],[-59,21],[-29,6],[-53,17],[-43,13],[-15,1],[-13,-1],[-11,-2],[-15,-8],[-37,-25],[-81,-64],[-20,-21],[-6,-9],[-6,-13],[-10,-25],[-41,-96],[-32,-81],[-4,-16],[-3,-16],[-4,-11],[-4,-11],[-6,-10],[-5,-11],[-38,-106],[-4,-4],[-35,-13],[-40,-25],[-22,-5],[-7,-4],[-27,-34],[-9,-9],[-9,-5],[-18,-6],[-44,-10],[-14,-9],[-12,-12],[-5,-11],[-39,-64],[-12,-16],[-20,-19],[-31,-18],[-15,-11],[-9,-27],[-15,-27],[-7,-24],[-5,-8],[-24,-10],[-7,-4],[-5,-7],[-4,-11],[-6,-21],[-51,-112],[-18,-73],[-11,-68],[-1,-16],[3,-16],[0,-15],[-2,-11],[-10,-15],[-8,-16],[-8,-46],[-4,-34],[-1,-26],[-9,-29],[-5,-15],[-8,-10],[-4,-16],[-7,-43],[-3,-37],[-7,-24],[-7,-39],[-3,-28],[-8,-29],[-1,-20],[-4,-27],[3,-40],[-11,-15],[-22,-9],[-19,-10],[-11,-12],[-22,-7],[-11,4],[-34,-18],[-23,-14],[-30,-22],[-4,-11],[-7,-23],[-11,-51],[-7,-18],[-7,-17],[-9,-15],[-10,-11],[-12,-6],[-14,-3],[-21,6],[-43,18],[-29,-24],[4,-20],[-4,-25],[-4,-8],[-19,-2],[-4,-5],[-9,3],[-10,-5],[-10,-3],[-7,-9],[-2,-22],[1,-17],[5,-18],[6,-7],[5,-1],[14,12],[16,-3],[8,5],[5,0],[5,-10],[6,-16],[5,-6],[2,-5],[0,-10],[-3,-14],[0,-12],[7,-18],[3,-8],[-1,-45],[-3,-5],[-3,-1],[-28,66],[-15,-13],[-9,20],[-31,-28],[-6,4],[-7,19],[-10,23],[-107,-95],[32,-60],[-1,-12],[1,-5],[16,-15],[18,-18],[24,-10],[49,-49],[46,30],[1,-5],[-6,-24],[6,1],[7,-9],[3,-6],[0,-8],[-14,-35],[-3,-4],[-2,-6],[-1,-10],[-3,-9],[-7,-10],[-6,-2],[-2,-16],[1,-10],[11,-41],[-8,-16],[6,-8],[-1,-8],[-3,-14],[-6,-1],[-5,-13],[20,-27],[-18,1],[-9,-11],[-32,-15],[-12,-8],[-9,-8],[-11,1],[-8,-7],[-9,-17],[-3,-4],[-5,-1],[-7,3],[-6,6],[-3,0],[-35,54],[-144,96],[-10,17],[-12,117],[-5,13],[-7,14],[-15,50],[-5,9],[-36,32],[-8,-3],[-6,-5],[-8,-21],[-29,-11],[-16,-3],[-7,-4],[-8,-1],[-3,-6],[-3,-3],[-27,-11],[-10,-3],[-5,2],[-6,5],[-5,13],[-10,29],[-28,-19],[-36,-30],[13,-19],[3,-16],[-12,0],[-14,7],[-10,7],[-18,8],[-8,0],[-9,-3],[-13,-11],[-32,-32],[-14,-32],[-35,-43],[-17,-30],[-8,-9],[-12,-7],[-13,-13],[-11,-19],[-5,-16],[-3,-12],[-1,-2],[-16,-7],[-13,-1],[-18,0],[-3,-1],[-12,-27],[-2,-2],[-3,1],[-4,8],[-8,7],[-5,3],[-22,-4],[-3,2],[-8,25],[-9,30],[-18,49],[-7,16],[-59,105],[-27,55],[-52,94],[2,-45],[-10,-11],[-8,-11],[-7,53],[-7,40],[-91,-24],[-12,-9],[-6,-3],[-8,1],[-15,4],[-6,13],[-39,84],[-34,70],[-19,21],[-18,38],[-22,31],[-17,18],[-61,-114],[-16,16],[20,37],[-22,23],[-9,18],[-4,6],[-20,14],[-22,13],[-56,27],[-31,11],[-46,4],[-7,0],[-9,-4],[-12,1],[-23,-9]],[[9395,8641,42.90758706908673],[-3,11],[-5,6],[-7,0],[-8,5],[-8,17],[-16,-7],[-6,6],[-4,3],[-5,-1],[-5,-3],[-3,-5],[-5,-6],[-6,-2],[-6,-4],[-8,-12],[1,-6],[3,-5],[-5,-9],[-10,-11],[-13,-21],[-3,-6],[-3,-11],[-12,-15],[-5,-11],[0,-10],[-3,-6],[-29,-47],[-11,-22],[1,-6],[6,-6],[3,-14],[-3,-17],[6,-14],[10,1],[20,10],[4,6],[3,13],[5,10],[9,9],[9,-1],[14,0],[10,10],[2,8],[5,5],[3,0],[2,-7],[8,1],[12,10],[11,7],[16,44],[2,16],[10,13],[4,14],[-2,15],[0,8],[7,4],[5,10],[0,15],[3,8]],[[8270,8335,42.91564049758017],[-6,35],[-14,37],[-7,-2],[-7,0],[-3,15],[-3,10],[-6,4],[-6,6],[-3,13],[20,20],[2,5],[-4,11],[0,14],[1,7],[4,4],[0,16],[-4,11],[2,11],[0,13],[2,11],[-5,9],[-2,9],[-12,4],[-5,9],[-5,-1],[-1,-25],[0,-5],[-1,-3],[-6,-5],[-2,-3],[-14,-15],[-13,-19],[-5,-13],[-4,-6],[-4,-14],[-3,-2],[-9,-33],[-4,-3],[0,-8],[-2,-7],[-11,-16],[-6,-13],[-6,-16],[-3,-5],[-21,-14],[-8,-2],[-11,0],[-1,-14],[-2,-4],[-9,-1],[-4,-4],[-5,-7],[-5,-3],[-16,-4],[-4,-10],[-7,-11],[-6,-8],[-6,-13],[-6,-5],[-8,-5],[-5,-4],[0,-8],[-2,-5],[-5,-6],[-6,-3],[-11,1],[-4,-3],[-3,-8],[-4,1],[-6,-2],[-5,-5],[-5,-6],[-16,-10],[-4,-1],[-3,-7],[-7,-5],[-28,-23],[-5,-16],[1,-12],[-5,-5],[-8,-13],[11,0],[2,-2],[13,-28],[4,-7],[5,-5],[8,-3],[13,2],[13,7],[4,-1],[4,-12],[8,10],[9,8],[13,3],[6,6],[6,4],[7,3],[4,1],[13,8],[5,7],[20,14],[6,1],[2,6],[9,7],[5,0],[4,8],[7,5],[8,3],[9,14],[4,4],[9,9],[5,5],[4,7],[8,9],[5,1],[6,4],[8,4],[6,-2],[6,-1],[9,1],[10,4],[7,-1],[9,16],[8,8],[7,5],[16,6],[12,7],[17,4],[7,3],[7,7],[9,5],[2,3],[6,10],[0,8]],[[8809,7808,42.92998549994081],[-10,2],[3,13],[-26,-2],[-14,-22],[-4,7],[-3,-1],[-3,-6],[-4,0],[-9,6],[-3,-3],[-12,-24],[-4,-5],[-2,0],[-6,4],[-6,11],[-5,1],[-1,3],[-3,5],[-11,3],[-6,-1],[-4,-16],[-9,-6],[-11,-2],[-2,1],[-1,5],[-3,4],[-6,-2],[-3,-3],[-8,-19],[-8,-6],[-5,-1],[-3,2],[-2,6],[-4,7],[-10,-10],[-15,-20],[-5,-2],[-10,0],[-5,-2],[-6,-3],[-7,-6],[-1,5],[8,15],[2,8],[-3,7],[-4,4],[-17,9],[-9,3],[-6,1],[-3,-2],[-6,-16],[-3,-1],[-2,5],[0,13],[-7,-3],[-8,-10],[-2,-18],[-4,-6],[-7,-5],[-5,-3],[-7,2],[-8,1],[-6,-1],[-5,-3],[-2,5],[-1,2],[-4,-1],[-6,2],[-8,5],[-4,4],[-7,6],[-6,0],[-4,-4],[-1,-2],[1,-19],[-2,-8],[-4,-25],[-3,-9],[-2,-9],[-3,-8],[-18,-20],[-6,-12],[-16,-8],[-7,-8],[-4,-12],[3,-9],[4,-26],[2,-7],[3,0],[2,-2],[0,-4],[-3,-4],[-3,-11],[-1,-15],[-5,-2],[-7,-5],[0,-16],[-12,-17],[-3,-11],[0,-6],[2,-6],[4,-2],[12,-20],[6,-7],[2,-7],[0,-4],[5,-6],[3,-5],[-2,-2],[-11,-2],[-7,-3],[-15,-4],[-5,-8],[-2,-1],[-3,0],[-11,14],[-8,5],[-3,6],[-5,6],[-1,8],[1,7],[-8,2],[-7,10],[-12,3],[4,-21],[-1,-9],[-1,-4],[-3,-3],[-2,-6],[-1,-6],[2,-8],[10,-6],[9,-13],[7,-8],[1,-7],[-3,-17],[-3,-3],[-4,1],[-3,5],[-6,-4],[-6,0],[-3,1],[-4,-4],[-2,-5],[-6,-6],[-1,-5],[2,-11],[16,-27],[1,-10],[-2,-6],[-7,-7],[-8,-3],[-10,-23],[-8,-12],[-1,-7],[1,-5],[5,-5],[6,-2],[5,3],[7,8],[8,6],[7,1],[7,-2],[3,-6],[0,-7],[-2,-8],[0,-9],[3,-6],[5,-6],[5,-2],[4,-13],[8,-12],[9,-5],[7,-9],[8,-22],[4,-20],[4,-12],[2,-2],[8,-3],[3,-2],[2,-5],[8,-10],[12,-9],[25,-13],[14,-10],[12,-11],[3,3],[4,0],[16,-13],[1,-4],[0,-6],[-2,-12],[9,-5],[8,-2],[19,3],[11,7],[14,15],[5,16],[4,33],[-20,-2],[3,10],[7,13],[12,11],[11,8],[7,15],[9,11],[8,5],[-7,16],[-12,0],[-5,16],[4,16],[5,6],[8,4],[6,1],[7,0],[9,-3],[9,-6],[25,-1],[13,-3],[10,3],[35,13],[8,2],[44,19],[5,10],[9,76],[11,58],[26,159],[18,48],[3,12],[3,12],[7,59],[6,36],[11,42],[7,80]],[[8685,7121,42.948498245328665],[-1,-10],[-48,-119],[-85,-222],[-38,-110],[-34,-110],[-33,-115],[-8,-30],[-19,-64],[-1,-10],[-8,-17],[-5,-4],[-3,0],[-5,7],[-4,17],[-2,22],[2,21],[3,21],[8,34],[-1,25],[7,57],[4,15],[9,24],[3,23],[9,45],[25,16],[5,19],[5,10],[8,6],[17,-1],[131,348],[14,27],[11,29],[5,7],[11,20],[3,10],[4,11],[6,4],[5,-6]],[[8417,6196,42.97333739511669],[-4,-37],[-3,-13],[-4,-9],[-12,-7],[-22,-1],[-14,32],[2,5],[-5,12],[0,5],[9,14],[3,9],[0,10],[6,6],[4,0],[2,-6],[32,-1],[2,-13],[4,-6]],[[8385,6603,42.96237946860492],[-5,-22],[-8,-16],[-10,-11],[-4,-3],[-5,17],[-20,-17],[-20,44],[46,40],[18,-20],[4,-3],[4,-9]],[[4033,9049,42.89416437037289],[-23,18],[-22,-41],[-3,-4],[-4,-1],[-15,10],[-13,11],[-5,1],[-22,-9],[-123,73],[-5,6],[-2,10],[-1,6],[0,7],[0,3],[-14,9],[66,136],[5,12],[4,14],[2,14],[1,9],[1,8],[0,9],[-1,14],[-2,9],[-2,10],[-7,22],[-38,109],[-6,20],[-3,9],[-1,7],[-1,10],[0,13],[0,6],[1,14],[1,7],[2,8],[2,9],[3,11],[3,7],[5,8],[73,143],[46,88],[3,10],[4,12],[1,6],[1,12],[-1,8],[0,6],[3,2],[-4,21],[5,2],[39,19],[1,7],[20,9],[4,3],[3,-1],[4,0],[4,2],[5,3],[12,4],[6,-1],[15,1],[9,-2],[27,-8],[13,-7],[11,-7],[5,-3],[3,-4],[20,-30],[4,5],[1,2],[1,5],[1,2],[2,2],[3,2],[3,3],[2,5],[10,14],[4,2],[7,-13],[13,-5],[9,-5],[11,-8],[4,-3],[6,-8],[6,-9],[1,0],[2,-4],[9,0],[6,0],[3,-4],[0,-3],[6,-25],[16,-72],[4,1],[30,-61],[7,-11],[7,-11],[7,-11],[8,-10],[11,-10],[-1,-1],[11,-9],[11,-8],[10,-5],[10,-5],[11,-4],[12,-3],[14,-1],[11,0],[15,3],[14,4],[9,4],[21,10],[5,1],[4,-1],[8,-3],[4,-3],[3,-2],[3,-4],[5,-6],[7,-15],[1,0],[8,1],[17,3],[17,2],[25,1],[17,0],[20,-2],[8,-1],[7,0],[16,0],[0,1],[17,2],[22,1],[17,0],[13,0],[28,-4],[14,-2],[22,-5],[10,-1],[26,-6],[6,-1],[28,-7],[42,-13],[10,-4],[8,-3],[6,-2],[4,-1],[8,-4],[7,-3],[29,-13],[2,0],[-1,-4],[10,-4]],[[4305,9045,42.894476210698485],[-39,-6],[-7,0],[-4,1],[-6,3],[-4,1],[-3,2],[-6,6],[-56,59],[-10,10],[-11,11],[-19,16],[-49,37],[-58,-136]],[[3979,9230,42.88923170696944],[-6,6],[-19,13],[-12,11],[-9,4],[-11,11],[-32,20],[-4,1],[-5,0],[-13,-29],[-10,-19],[-32,-62],[-3,-9],[-1,-7],[8,-29],[4,-7],[6,-6],[75,-44],[5,-2],[5,1],[3,3],[8,11],[43,133]],[[4184,9638,42.87833529897034],[-1,12],[-4,20],[-32,96],[-14,45],[-4,-1],[-5,1],[-13,42],[-6,14],[-9,18],[-22,15],[-10,6],[-30,18],[-16,7],[-7,0],[-7,-2],[-16,-6],[-17,-8],[0,-15],[-1,-8],[-2,-9],[-6,-17],[-18,-34],[38,-14],[7,-1],[5,2],[3,3],[2,4],[0,8],[-1,7],[-3,10],[-1,8],[1,19],[3,7],[4,7],[4,4],[5,3],[5,1],[7,0],[12,-5],[29,-19],[14,-7],[5,-10],[1,-11],[-4,-7],[-10,-2],[-2,3],[-5,16],[-12,14],[-19,12],[-10,4],[-5,0],[-3,0],[-6,-5],[-5,-9],[-1,-13],[2,-6],[3,-11],[1,-10],[-1,-11],[-3,-9],[-7,-6],[-8,-3],[-9,1],[-42,14],[-48,-95],[-53,-101],[-10,-22],[-2,-10],[-1,-8],[0,-23],[2,-7],[4,-19],[31,-82],[14,-41],[7,-28],[2,-15],[2,-20],[4,-1],[2,-3],[2,-4],[-3,-34],[93,-61],[76,223],[9,22],[9,15],[11,16],[22,28],[13,13],[40,30],[9,10],[6,11],[4,11],[1,13]],[[7498,799,43.1174918981269],[-4,-9],[-8,-22],[-3,-6],[-2,-8],[-1,-2],[-4,-4],[-4,-4],[-4,-4],[-4,-2],[-4,-5],[-4,-3],[-12,-10],[-9,-10],[-12,-9],[-15,-15],[-9,-8],[-10,-11],[-16,-16],[-20,-17],[-38,-38],[-26,-26],[-8,-8],[-5,-6],[-24,-20],[-6,-8],[-5,-9],[-31,-42],[-7,-7],[-7,-7],[-2,-5],[-2,-8],[-1,-1],[-3,-2],[-4,-3],[-6,-7],[-7,-8],[-16,-23]],[[4379,5809,42.98180666565895],[4,-8],[6,-12],[8,-10],[7,-9],[4,-6],[5,-9],[5,-11],[6,-18],[3,-12],[2,-13],[0,-9],[0,-4]],[[4431,5650,42.98612389806658],[-19,-14],[2,-9],[4,-13],[-71,-49],[-34,-20],[-49,-28],[-156,-91],[-82,-42]],[[2644,5215,42.99631130415946],[213,5],[0,-12],[72,2],[0,12],[174,5]],[[3110,4423,43.01798698119819],[-117,-3],[-85,0],[1,-28],[-24,-1],[-11,-1],[-14,-3],[-7,-2],[-8,-3],[-8,-4],[-21,-11],[-3,-4],[-3,-4],[-9,-1],[-4,-1],[-4,1],[-6,2],[-4,2],[-11,9],[0,4],[0,14],[0,2],[-4,12],[-3,8],[-15,26],[-2,6],[-1,6],[1,10],[-1,23],[0,8],[0,3],[4,5],[-25,109],[-2,13],[-1,22],[-3,181],[-22,1]],[[3994,6375,42.966277352534235],[-70,-21],[-48,-11],[-20,-8],[-9,-3],[-22,-6],[-30,-4],[-63,-16]],[[3453,6542,42.96136201545596],[-25,-12],[-4,-1],[-4,1],[-26,9],[11,61],[5,38],[2,12],[1,21],[1,15],[1,30],[1,18],[-2,62],[-5,215]],[[5771,7700,42.93176369089633],[-8,-23]],[[6038,7528,42.93654764350504],[7,0],[7,1],[5,1],[14,4]],[[6583,7090,42.94863600470126],[-34,-23],[-6,-3],[-10,-3],[-21,-3],[-20,0],[-20,2],[-20,2],[-21,4],[-3,-1],[-1,-2],[-2,-3],[-1,-3],[-2,-3],[-2,-1],[-3,-1],[-25,8],[-6,6],[-5,3],[-9,2],[-15,5],[-6,-30],[-181,72]],[[5477,8047,42.92224396858364],[-1,11],[0,2],[0,1],[-2,11],[0,14],[84,-33],[39,-23],[9,-4],[22,-14],[45,-39],[18,-34],[3,2],[3,4]],[[3515,4235,43.02337462641299],[-16,-38],[-6,-22],[-10,-35],[-7,-32],[-1,-12],[-1,-23],[0,-37],[0,-15],[5,-89]],[[1967,4463,43.01581073831767],[-3,-7],[-129,-304]],[[1835,4152,43.02402387652546],[-16,22],[-12,11],[-59,55],[-277,252],[-206,188],[-128,112]],[[5394,6513,42.963539310730994],[20,-3],[5,27],[-19,8],[8,51],[56,-20],[223,-87],[278,-107],[111,-44],[91,-34],[30,-12],[13,-5],[18,8],[3,-5],[4,-16],[40,8],[44,13],[13,12],[16,13],[0,8],[134,33],[5,-39],[8,-9],[6,-45],[-5,-13],[-5,-8],[-168,-42],[-133,-31],[-2,-23],[-1,-33],[375,93],[2,-15],[6,-10],[2,-10],[-18,-5],[6,-42],[-356,-87],[-45,-4],[-34,0],[-2,-4],[-8,-14],[-6,-5],[-9,-4],[-24,-1],[-13,-5],[-6,-7],[-6,-10],[0,-16],[8,2],[9,5],[9,1],[55,-1],[9,5],[18,0],[0,17],[15,0],[0,-21],[110,-1],[238,5],[80,0],[0,-19],[14,0],[3,7],[-2,31],[-9,54],[-8,30],[26,49],[8,20],[2,10],[6,11],[7,1],[5,-16],[3,-21],[15,-134],[6,-57],[1,-29],[0,-18],[-4,-15],[-10,-12],[-7,-8],[-13,-5],[-25,-2],[0,-9]],[[5985,5796,42.98317219130695],[-15,0]],[[6475,6483,42.96493872348219],[-3,-10],[-5,-10],[-5,-9],[-8,-5],[-9,-4],[-278,-21],[-15,-3],[-12,12],[-62,-6],[-2,41],[-379,150],[-62,23],[-20,-13],[-1,11],[-49,-11],[-4,29],[145,36],[8,-1],[172,-69],[111,-42],[133,-52],[92,-12],[24,3],[32,2],[193,16],[4,-55]],[[6705,6583,42.96234781574458],[5,4]],[[6761,6723,42.95859639905393],[-2,3]],[[6775,6747,42.95794876944274],[-2,3]],[[6760,6733,42.95833276771009],[6,10]],[[6697,6581,42.96239664591849],[8,2]],[[6777,6759,42.957631713710725],[0,1],[1,0]],[[6773,6753,42.9578071590513],[0,1]],[[6775,6758,42.957677324302495],[0,0]],[[6771,6748,42.95794317126274],[0,0]],[[6766,6706,42.959070515818894],[0,0]],[[5460,4436,43.01937979925424],[-4,15],[-15,74],[-8,14],[-13,66]],[[5839,4041,43.030178152024746],[-172,176],[-16,15],[-4,2],[-4,1],[0,19],[-1,2],[-7,9],[-4,5],[-5,9],[-3,8],[-6,7],[-3,-3],[-1,-1],[-2,0],[-3,0],[-2,1],[-10,10],[-12,59],[-31,120],[-93,-44]],[[4935,6728,42.95745039079338],[8,-5],[6,17],[8,18],[25,-35],[69,-60],[5,10],[14,-11],[-5,-11],[87,-69],[20,-7],[-13,-31],[7,-5]],[[5140,6468,42.964588552713394],[-6,5],[-4,4],[-8,14],[-4,3],[-4,-2],[-2,-3]],[[8264,4924,43.00748765375465],[169,117],[28,-69],[-48,-32],[-6,4],[-5,-1],[-8,14],[-5,6],[-8,1],[-14,-7],[-32,-22],[-3,-7],[0,-5],[13,-32],[4,-22],[48,-192],[9,-24],[33,-69],[-2,-13],[-11,10],[-14,-8],[-6,-8]],[[4513,5500,42.99021212477237],[-44,-28],[-59,-35],[-33,-21],[-2,6],[-1,-1],[-5,16],[-13,-9],[4,-13],[1,1],[1,-1],[1,-2],[1,0],[0,-1],[-3,-2],[1,-2],[-10,-5],[0,2],[-1,1],[-1,4],[1,1],[-3,6],[-7,-4],[-2,5],[-9,-6],[-1,3],[-7,4],[-2,-5],[-2,-3],[-3,-2],[-2,0],[-1,1],[-7,6],[-12,9],[-6,1],[-5,0],[-2,2],[-3,1],[-1,3],[-3,-2],[-2,-1],[-1,-8],[-1,-3],[-2,-2],[-4,-2],[-2,-1],[-7,1],[-8,-7],[-17,-11],[-8,-4],[-7,-3],[-2,-1],[-9,0],[-5,14],[-3,-2],[6,-19],[-5,-3],[-2,5],[-35,-19],[-3,9],[-39,-23],[-14,-9],[-38,-19],[-28,-15],[0,-12],[-3,-7],[-8,2]],[[4011,6030,42.97559399995953],[-29,22],[-20,22],[-7,5],[-4,2],[-88,37],[-4,2],[-5,0],[-4,0],[-33,-8],[-16,-5],[-27,-8],[-13,-5]],[[3481,3897,43.032408038154244],[-1,0],[1,-30],[-1,-15],[-10,0],[0,-12],[-2,-11],[-5,-12],[-13,-15],[-11,-11],[-16,-12],[-5,-6],[-23,-29],[-32,-45],[-17,-21],[-13,-5],[-11,0],[-7,-2],[-83,-56],[-54,-34],[-16,-12],[-12,-9],[-10,-4],[-37,-15],[-31,-7],[-10,3],[-15,9],[-10,8],[-7,8],[-19,32],[-18,44],[-10,15],[45,28],[-18,63],[-13,-8],[-5,6],[-4,-3],[-13,-6],[16,-55],[-6,-2],[-2,1],[-2,3],[-3,10],[-13,27],[-4,2],[-18,0],[-4,1],[-7,9],[-8,4],[-10,2],[-32,-15],[-10,-3],[-8,-2],[-8,-2],[-27,-4],[-12,0],[-49,5],[-23,1],[-6,1],[-11,6],[-6,7],[-4,2],[-14,2],[-14,6],[-15,12],[-3,5],[-27,18],[-18,4],[-9,1],[-10,-3],[-12,-15],[-41,-32],[-14,-15],[-10,-14],[-40,-45],[18,-30],[11,-9],[2,-5],[0,-6],[-6,-6],[-5,-1],[-8,3],[-4,5],[-11,35],[-5,4],[-5,-1],[-4,-4],[-2,-9],[-3,-4],[-6,-3],[-3,-2],[-8,-8],[-5,-7],[-8,-3],[-5,-4],[-9,-14],[-4,-9],[0,-6],[1,-64],[0,-5],[2,-14],[3,-13],[7,-17],[60,-53],[47,-45],[6,12],[10,-9],[-5,-32],[41,-11],[2,7],[12,-2],[2,-5],[-7,-16],[-6,-5],[-6,-1],[-12,-11],[3,-3],[4,-6],[3,-5],[1,-7],[-4,-1],[-19,3],[-7,2],[-2,0],[-5,-11],[-1,1],[-81,76],[-146,134],[-280,259],[-13,15],[-13,21],[-36,79],[-127,277],[-10,18],[-10,13]],[[6584,6951,42.95238518808037],[-37,-14],[-7,-1],[-5,0],[-8,4],[-26,-3],[-34,5],[1,10],[-38,3],[4,-4],[-2,-6],[-25,2],[2,9],[-13,1],[-1,-6],[-3,-3],[-46,3],[2,10],[-33,3],[1,-8],[-1,-10],[-3,-7],[-4,-6],[-5,-4],[-17,1],[-54,-2],[-17,3],[-46,-2],[-14,6],[-8,-2],[-4,3],[-6,9],[-3,7],[-9,8],[-5,0],[-73,-22],[-34,28],[-4,-19],[-18,14],[-2,34],[-16,-2],[0,10],[-16,12],[-22,-50],[32,-28],[4,-23],[-83,-29],[-4,3],[-26,65],[-39,-14],[25,-68],[-17,-5],[-9,-16],[-77,-20],[-118,-30],[-8,-2]],[[2555,5263,42.99494275543839],[-19,83],[-2,7],[1,8],[0,4],[3,5],[8,9],[19,19],[-8,23],[-11,5],[-12,3],[1,6],[4,3],[12,0],[11,-5],[18,-27],[11,17],[9,9],[8,9],[5,9],[19,27],[66,134],[4,7],[9,9],[7,14],[0,9],[44,77],[18,27],[13,26],[9,20],[3,4],[24,38],[11,9],[65,40],[23,15],[4,4],[4,8],[13,29],[22,59],[7,-2],[15,-8],[4,-6],[-22,-64],[9,-7],[11,0],[14,4],[-6,48],[7,22],[12,11],[17,11],[7,1],[4,21],[-9,3]],[[6294,3826,43.03619205765426],[-25,-8],[-1,-57],[-39,5],[-12,0],[-9,0],[-4,-1],[-4,-2],[-11,-6],[-6,-5],[-9,-6],[-5,-1],[-6,-3],[-7,-10],[-6,-6],[-10,-9],[-25,-18],[-26,61],[-41,-2],[-169,70],[-51,-39],[6,-12],[-35,-27],[-8,1],[-20,0],[-7,1],[-24,3],[0,-12],[0,-20],[-1,-9],[-2,-12],[-1,-8],[-3,-17],[-3,-11],[-4,-10],[-6,-15],[-9,-16],[-5,-9],[-5,-7],[3,-9],[-25,-21],[-39,-26],[-23,-13],[-79,-52],[-69,-40],[-11,-5],[-11,-5],[-8,-2],[-18,-4],[21,-290],[7,-101],[-52,-19],[-15,-4],[-9,-3],[-6,-4],[-4,-5],[-18,-30],[13,-17],[13,-19],[4,-7],[-1,-5],[-11,-37],[-6,-18],[-1,-5],[2,-2],[13,-10],[37,-31],[2,-3],[0,-2],[0,-3],[4,-5],[47,-43],[-22,-56],[-6,-17],[-28,-68],[-37,1],[-11,1],[-6,-1],[-19,0],[0,19],[-1,14],[-5,14],[-16,23],[-6,5],[-32,25],[-68,44],[-13,11],[-47,46],[-23,17],[-6,4],[-29,11],[-20,4],[-9,1],[-38,-3],[-21,1],[-12,10],[-38,38],[-10,13],[-7,14],[-5,16],[-4,20],[-3,23],[0,17],[5,28],[24,92],[15,66],[11,43],[9,30],[36,70],[10,37],[3,17],[1,14],[1,30],[-1,14],[-18,56],[0,19],[3,16],[2,7],[8,19],[5,7],[7,7],[9,5],[11,4],[12,1],[10,-1],[28,-7],[11,-1],[49,14],[10,6],[15,14],[26,31],[23,35],[9,48],[7,19],[23,-6],[9,24],[0,6],[-25,18],[2,29],[10,-6],[11,33],[-15,2],[-4,7],[5,12],[10,23],[17,18],[52,47],[18,10],[10,0],[7,-3],[28,15],[2,5],[20,13],[17,17],[12,14],[7,13],[6,13],[18,15],[15,11],[22,4],[3,5],[7,18],[0,8],[-6,9],[12,17],[8,-8],[28,25],[-5,36],[-4,20],[-9,-4],[-8,-1],[-25,6],[-20,7],[-8,5],[-8,12],[-26,51],[-9,24],[-18,73],[17,21],[-6,22]],[[5383,2628,43.0677111716941],[-1,0],[-2,0],[3,0]],[[5271,4923,43.006204896606505],[4,-9],[14,-38],[20,-65],[9,-36],[14,-74]],[[5199,5325,42.99536426272243],[-1,6],[-5,1],[-2,2],[-4,11],[-69,311],[-5,20],[-16,67],[-3,8]],[[5111,8253,42.91643661726266],[24,-35],[20,-36],[5,-7],[126,-107],[13,-10],[2,-3],[2,-5]],[[5110,6886,42.953329015523195],[-8,5],[-15,21],[-6,11],[-22,44],[-10,77],[-10,66],[-35,225],[-8,51],[-5,-1],[-3,29],[4,1],[-6,38],[-6,29],[-14,104],[0,7],[2,2],[8,-1],[-14,44],[-15,65],[-9,-3],[-6,19],[14,9],[-4,18],[-1,22],[0,12],[1,24],[9,68],[23,46],[-18,33],[-2,-3],[-6,-6],[-15,-3],[-8,-14],[-10,1],[-4,-20],[-10,-1],[-12,3],[-81,5],[0,-7],[-9,0],[-5,-5],[-3,-23],[-4,-2],[-2,3],[0,28],[-3,1],[10,65],[11,67],[0,10],[-43,46],[-68,-122],[-8,8],[68,120],[-13,12],[-2,6],[33,14],[-5,23],[-35,-15],[-5,23],[-15,-7],[-7,-1],[-5,2],[-59,65],[-1,8],[55,97],[34,54],[-58,60],[-114,-207],[-7,8],[52,92],[-29,29],[-54,-97],[-8,8],[64,111],[-27,28],[-42,-40],[-46,49],[8,13],[-9,9],[7,10],[-8,4],[-4,9],[-6,-11],[-96,100],[2,5],[24,45],[47,81],[-47,52],[-74,-127],[-66,100],[-48,64],[28,49],[-31,32],[-25,-45],[-57,62],[-7,2],[-66,69],[27,84],[-24,18]],[[5642,9076,42.89450427517295],[2,-2],[1,-3],[4,-2],[4,-7],[2,-4],[7,-5],[4,-5],[6,-5],[14,-15],[4,-4],[41,-37],[48,-51],[3,-4],[8,-9],[1,-2],[1,-2],[7,-5],[32,-34],[13,-11],[9,-10],[8,-7],[7,-7],[8,-7],[11,-13],[5,-5],[8,-8],[8,-8],[3,-3],[2,-2],[6,-5],[2,-3],[5,-4],[5,-5],[2,-2],[2,0],[0,-9],[10,-22]]],"transform":{"scale":[0.000033973569885017934,0.000015251871688357807],"translate":[4.728759169389314,52.27817422900324]}}